,time,solar_effect,room_temp,ambient_temp,heating_setpoint,cooling_setpoint,occupancy_effect
0,2024-12-24 00:00:00+00:00,9.015490722735,22.2625,0.1,21.0,25.0,0
1,2024-12-24 00:01:00+00:00,9.015490722735,22.25555555555556,0.1,21.0,25.0,0
2,2024-12-24 00:02:00+00:00,9.015490722735,22.27,0.1,21.0,25.0,0
3,2024-12-24 00:03:00+00:00,9.015490722735,22.263636363636365,0.1,21.0,25.0,0
4,2024-12-24 00:04:00+00:00,9.015490722735,22.258333333333336,0.1,21.0,25.0,0
5,2024-12-24 00:05:00+00:00,9.015490722735,22.253846153846155,0.1,21.0,25.0,0
6,2024-12-24 00:06:00+00:00,9.015490722735,22.264285714285712,0.1,21.0,25.0,0
7,2024-12-24 00:07:00+00:00,9.015490722735,22.26,0.1,21.0,25.0,0
8,2024-12-24 00:08:00+00:00,9.015490722735,22.26,0.1,21.0,25.0,0
9,2024-12-24 00:09:00+00:00,9.015490722735,22.25333333333333,0.1,21.0,25.0,0
10,2024-12-24 00:10:00+00:00,9.015490722735,22.25333333333333,0.1,21.0,25.0,0
11,2024-12-24 00:11:00+00:00,9.015490722735,22.25333333333333,0.1,21.0,25.0,0
12,2024-12-24 00:12:00+00:00,9.015490722735,22.26,0.1,21.0,25.0,0
13,2024-12-24 00:13:00+00:00,9.015490722735,22.26,0.1,21.0,25.0,0
14,2024-12-24 00:14:00+00:00,9.015490722735,22.26,0.1,21.0,25.0,0
15,2024-12-24 00:15:00+00:00,9.015490722735,22.26,0.1,21.0,25.0,0
16,2024-12-24 00:16:00+00:00,9.015490722735,22.26,0.1,21.0,25.0,0
17,2024-12-24 00:17:00+00:00,9.015490722735,22.24,0.1,21.0,25.0,0
18,2024-12-24 00:18:00+00:00,9.015490722735,22.25333333333333,0.1,21.0,25.0,0
19,2024-12-24 00:19:00+00:00,9.015490722735,22.25333333333333,0.1,21.0,25.0,0
20,2024-12-24 00:20:00+00:00,9.015490722735,22.26,0.1,21.0,25.0,0
21,2024-12-24 00:21:00+00:00,9.015490722735,22.24,0.1,21.0,25.0,0
22,2024-12-24 00:22:00+00:00,9.015490722735,22.24666666666667,0.1,21.0,25.0,0
23,2024-12-24 00:23:00+00:00,9.015490722735,22.24,0.1,21.0,25.0,0
24,2024-12-24 00:25:00+00:00,9.015490722735,22.24666666666667,0.1,21.0,25.0,0
25,2024-12-24 00:26:00+00:00,9.015490722735,22.24,0.1,21.0,25.0,0
26,2024-12-24 00:27:00+00:00,9.015490722735,22.24,0.1,21.0,25.0,0
27,2024-12-24 00:28:00+00:00,9.015490722735,22.23333333333333,0.1,21.0,25.0,0
28,2024-12-24 00:29:00+00:00,9.015490722735,22.226666666666667,0.1,21.0,25.0,0
29,2024-12-24 00:30:00+00:00,9.015490722735,22.346666666666668,-0.4,21.0,25.0,0
30,2024-12-24 00:31:00+00:00,9.015490722735,22.35333333333333,-0.4,21.0,25.0,0
31,2024-12-24 00:32:00+00:00,9.015490722735,22.360000000000003,-0.4,21.0,25.0,0
32,2024-12-24 00:33:00+00:00,9.015490722735,22.37333333333333,-0.4,21.0,25.0,0
33,2024-12-24 00:34:00+00:00,9.015490722735,22.35333333333333,-0.4,21.0,25.0,0
34,2024-12-24 00:35:00+00:00,9.015490722735,22.360000000000003,-0.4,21.0,25.0,0
35,2024-12-24 00:36:00+00:00,9.015490722735,22.360000000000003,-0.4,21.0,25.0,0
36,2024-12-24 00:37:00+00:00,9.015490722735,22.366666666666667,-0.4,21.0,25.0,0
37,2024-12-24 00:38:00+00:00,9.015490722735,22.366666666666667,-0.4,21.0,25.0,0
38,2024-12-24 00:39:00+00:00,9.015490722735,22.37333333333333,-0.4,21.0,25.0,0
39,2024-12-24 00:40:00+00:00,9.015490722735,22.37333333333333,-0.4,21.0,25.0,0
40,2024-12-24 00:41:00+00:00,9.015490722735,22.37333333333333,-0.4,21.0,25.0,0
41,2024-12-24 00:42:00+00:00,9.015490722735,22.37333333333333,-0.4,21.0,25.0,0
42,2024-12-24 00:43:00+00:00,9.015490722735,22.37333333333333,-0.4,21.0,25.0,0
43,2024-12-24 00:44:00+00:00,9.015490722735,22.37333333333333,-0.4,21.0,25.0,0
44,2024-12-24 00:45:00+00:00,9.015490722735,22.246666666666663,-0.4,21.0,25.0,0
45,2024-12-24 00:46:00+00:00,9.015490722735,22.246666666666663,-0.4,21.0,25.0,0
46,2024-12-24 00:47:00+00:00,9.015490722735,22.24,-0.4,21.0,25.0,0
47,2024-12-24 00:48:00+00:00,9.015490722735,22.24,-0.4,21.0,25.0,0
48,2024-12-24 00:49:00+00:00,9.015490722735,22.25333333333333,-0.4,21.0,25.0,0
49,2024-12-24 00:50:00+00:00,9.015490722735,22.25333333333333,-0.4,21.0,25.0,0
50,2024-12-24 00:51:00+00:00,9.015490722735,22.25333333333333,-0.4,21.0,25.0,0
51,2024-12-24 00:52:00+00:00,9.015490722735,22.25333333333333,-0.4,21.0,25.0,0
52,2024-12-24 00:53:00+00:00,9.015490722735,22.246666666666663,-0.4,21.0,25.0,0
53,2024-12-24 00:54:00+00:00,9.015490722735,22.24666666666667,-0.4,21.0,25.0,0
54,2024-12-24 00:55:00+00:00,9.015490722735,22.246666666666663,-0.4,21.0,25.0,0
55,2024-12-24 00:56:00+00:00,9.015490722735,22.24666666666667,-0.4,21.0,25.0,0
56,2024-12-24 00:57:00+00:00,9.015490722735,22.246666666666663,-0.4,21.0,25.0,0
57,2024-12-24 00:58:00+00:00,9.015490722735,22.246666666666663,-0.4,21.0,25.0,0
58,2024-12-24 00:59:00+00:00,9.015490722735,22.246666666666663,-0.4,21.0,25.0,0
59,2024-12-24 01:00:00+00:00,9.015490722735,22.246666666666663,-0.4,21.0,25.0,0
60,2024-12-24 01:01:00+00:00,9.015490722735,22.24,-0.4,21.0,25.0,0
61,2024-12-24 01:02:00+00:00,9.015490722735,22.23333333333333,-0.4,21.0,25.0,0
62,2024-12-24 01:03:00+00:00,9.015490722735,22.226666666666667,-0.4,21.0,25.0,0
63,2024-12-24 01:04:00+00:00,9.015490722735,22.22,-0.4,21.0,25.0,0
64,2024-12-24 01:05:00+00:00,9.015490722735,22.21333333333333,-0.4,21.0,25.0,0
65,2024-12-24 01:06:00+00:00,9.015490722735,22.206666666666667,-0.4,21.0,25.0,0
66,2024-12-24 01:07:00+00:00,9.015490722735,22.21333333333333,-0.4,21.0,25.0,0
67,2024-12-24 01:08:00+00:00,9.015490722735,22.22,-0.4,21.0,25.0,0
68,2024-12-24 01:09:00+00:00,9.015490722735,22.219999999999995,-0.4,21.0,25.0,0
69,2024-12-24 01:10:00+00:00,9.015490722735,22.21333333333333,-0.4,21.0,25.0,0
70,2024-12-24 01:11:00+00:00,9.015490722735,22.21333333333333,-0.4,21.0,25.0,0
71,2024-12-24 01:12:00+00:00,9.015490722735,22.21333333333333,-0.4,21.0,25.0,0
72,2024-12-24 01:13:00+00:00,9.015490722735,22.21333333333333,-0.4,21.0,25.0,0
73,2024-12-24 01:14:00+00:00,9.015490722735,22.21333333333333,-0.4,21.0,25.0,0
74,2024-12-24 01:15:00+00:00,9.015490722735,22.21333333333333,-0.4,21.0,25.0,0
75,2024-12-24 01:16:00+00:00,9.015490722735,22.21333333333333,-0.4,21.0,25.0,0
76,2024-12-24 01:17:00+00:00,9.015490722735,22.22,-0.4,21.0,25.0,0
77,2024-12-24 01:18:00+00:00,9.015490722735,22.22666666666667,-0.4,21.0,25.0,0
78,2024-12-24 01:19:00+00:00,9.015490722735,22.226666666666667,-0.4,21.0,25.0,0
79,2024-12-24 01:20:00+00:00,9.015490722735,22.226666666666667,-0.4,21.0,25.0,0
80,2024-12-24 01:21:00+00:00,9.015490722735,22.226666666666667,-0.4,21.0,25.0,0
81,2024-12-24 01:22:00+00:00,9.015490722735,22.219999999999995,-0.4,21.0,25.0,0
82,2024-12-24 01:23:00+00:00,9.015490722735,22.21333333333333,-0.4,21.0,25.0,0
83,2024-12-24 01:24:00+00:00,9.015490722735,22.21333333333333,-0.4,21.0,25.0,0
84,2024-12-24 01:25:00+00:00,9.015490722735,22.219999999999995,-0.4,21.0,25.0,0
85,2024-12-24 01:26:00+00:00,9.015490722735,22.21333333333333,-0.4,21.0,25.0,0
86,2024-12-24 01:27:00+00:00,9.015490722735,22.22,-0.4,21.0,25.0,0
87,2024-12-24 01:28:00+00:00,9.015490722735,22.21333333333333,-0.4,21.0,25.0,0
88,2024-12-24 01:29:00+00:00,9.015490722735,22.206666666666667,-0.4,21.0,25.0,0
89,2024-12-24 01:30:00+00:00,9.015490722735,22.21333333333333,-0.3,21.0,25.0,0
90,2024-12-24 01:31:00+00:00,9.015490722735,22.206666666666663,-0.3,21.0,25.0,0
91,2024-12-24 01:32:00+00:00,9.015490722735,22.2,-0.3,21.0,25.0,0
92,2024-12-24 01:33:00+00:00,9.015490722735,22.186666666666667,-0.3,21.0,25.0,0
93,2024-12-24 01:34:00+00:00,9.015490722735,22.186666666666667,-0.3,21.0,25.0,0
94,2024-12-24 01:35:00+00:00,9.015490722735,22.19333333333333,-0.3,21.0,25.0,0
95,2024-12-24 01:36:00+00:00,9.015490722735,22.19333333333333,-0.3,21.0,25.0,0
96,2024-12-24 01:37:00+00:00,9.015490722735,22.19333333333333,-0.3,21.0,25.0,0
97,2024-12-24 01:38:00+00:00,9.015490722735,22.19333333333333,-0.3,21.0,25.0,0
98,2024-12-24 01:39:00+00:00,9.015490722735,22.186666666666667,-0.3,21.0,25.0,0
99,2024-12-24 01:40:00+00:00,9.015490722735,22.180000000000003,-0.3,21.0,25.0,0
100,2024-12-24 01:41:00+00:00,9.015490722735,22.18,-0.3,21.0,25.0,0
101,2024-12-24 01:42:00+00:00,9.015490722735,22.17333333333333,-0.3,21.0,25.0,0
102,2024-12-24 01:43:00+00:00,9.015490722735,22.180000000000003,-0.3,21.0,25.0,0
103,2024-12-24 01:44:00+00:00,9.015490722735,22.18,-0.3,21.0,25.0,0
104,2024-12-24 01:45:00+00:00,9.015490722735,22.166666666666668,-0.3,21.0,25.0,0
105,2024-12-24 01:46:00+00:00,9.015490722735,22.180000000000003,-0.3,21.0,25.0,0
106,2024-12-24 01:47:00+00:00,9.015490722735,22.18,-0.3,21.0,25.0,0
107,2024-12-24 01:48:00+00:00,9.015490722735,22.186666666666664,-0.3,21.0,25.0,0
108,2024-12-24 01:49:00+00:00,9.015490722735,22.18,-0.3,21.0,25.0,0
109,2024-12-24 01:50:00+00:00,9.015490722735,22.17333333333333,-0.3,21.0,25.0,0
110,2024-12-24 01:51:00+00:00,9.015490722735,22.17333333333333,-0.3,21.0,25.0,0
111,2024-12-24 01:52:00+00:00,9.015490722735,22.166666666666668,-0.3,21.0,25.0,0
112,2024-12-24 01:53:00+00:00,9.015490722735,22.166666666666668,-0.3,21.0,25.0,0
113,2024-12-24 01:54:00+00:00,9.015490722735,22.160000000000004,-0.3,21.0,25.0,0
114,2024-12-24 01:55:00+00:00,9.015490722735,22.16,-0.3,21.0,25.0,0
115,2024-12-24 01:56:00+00:00,9.015490722735,22.160000000000004,-0.3,21.0,25.0,0
116,2024-12-24 01:57:00+00:00,9.015490722735,22.160000000000004,-0.3,21.0,25.0,0
117,2024-12-24 01:58:00+00:00,9.015490722735,22.16,-0.3,21.0,25.0,0
118,2024-12-24 01:59:00+00:00,9.015490722735,22.166666666666668,-0.3,21.0,25.0,0
119,2024-12-24 02:00:00+00:00,9.015490722735,22.166666666666668,-0.3,21.0,25.0,0
120,2024-12-24 02:01:00+00:00,9.015490722735,22.15333333333333,-0.3,21.0,25.0,0
121,2024-12-24 02:02:00+00:00,9.015490722735,22.160000000000004,-0.3,21.0,25.0,0
122,2024-12-24 02:03:00+00:00,9.015490722735,22.160000000000004,-0.3,21.0,25.0,0
123,2024-12-24 02:04:00+00:00,9.015490722735,22.166666666666668,-0.3,21.0,25.0,0
124,2024-12-24 02:05:00+00:00,9.015490722735,22.166666666666668,-0.3,21.0,25.0,0
125,2024-12-24 02:06:00+00:00,9.015490722735,22.160000000000004,-0.3,21.0,25.0,0
126,2024-12-24 02:07:00+00:00,9.015490722735,22.166666666666668,-0.3,21.0,25.0,0
127,2024-12-24 02:08:00+00:00,9.015490722735,22.166666666666668,-0.3,21.0,25.0,0
128,2024-12-24 02:09:00+00:00,9.015490722735,22.17333333333333,-0.3,21.0,25.0,0
129,2024-12-24 02:10:00+00:00,9.015490722735,22.166666666666668,-0.3,21.0,25.0,0
130,2024-12-24 02:11:00+00:00,9.015490722735,22.166666666666668,-0.3,21.0,25.0,0
131,2024-12-24 02:12:00+00:00,9.015490722735,22.166666666666668,-0.3,21.0,25.0,0
132,2024-12-24 02:13:00+00:00,9.015490722735,22.16,-0.3,21.0,25.0,0
133,2024-12-24 02:14:00+00:00,9.015490722735,22.160000000000004,-0.3,21.0,25.0,0
134,2024-12-24 02:15:00+00:00,9.015490722735,22.16,-0.3,21.0,25.0,0
135,2024-12-24 02:16:00+00:00,9.015490722735,22.166666666666668,-0.3,21.0,25.0,0
136,2024-12-24 02:17:00+00:00,9.015490722735,22.166666666666668,-0.3,21.0,25.0,0
137,2024-12-24 02:18:00+00:00,9.015490722735,22.166666666666668,-0.3,21.0,25.0,0
138,2024-12-24 02:19:00+00:00,9.015490722735,22.166666666666668,-0.3,21.0,25.0,0
139,2024-12-24 02:20:00+00:00,9.015490722735,22.166666666666668,-0.3,21.0,25.0,0
140,2024-12-24 02:21:00+00:00,9.015490722735,22.166666666666668,-0.3,21.0,25.0,0
141,2024-12-24 02:22:00+00:00,9.015490722735,22.16,-0.3,21.0,25.0,0
142,2024-12-24 02:23:00+00:00,9.015490722735,22.15333333333333,-0.3,21.0,25.0,0
143,2024-12-24 02:24:00+00:00,9.015490722735,22.15333333333333,-0.3,21.0,25.0,0
144,2024-12-24 02:25:00+00:00,9.015490722735,22.15333333333333,-0.3,21.0,25.0,0
145,2024-12-24 02:26:00+00:00,9.015490722735,22.16,-0.3,21.0,25.0,0
146,2024-12-24 02:27:00+00:00,9.015490722735,22.15333333333333,-0.3,21.0,25.0,0
147,2024-12-24 02:28:00+00:00,9.015490722735,22.14666666666667,-0.3,21.0,25.0,0
148,2024-12-24 02:29:00+00:00,9.015490722735,22.14,-0.3,21.0,25.0,0
149,2024-12-24 02:30:00+00:00,9.015490722735,22.14666666666667,0.4,21.0,25.0,0
150,2024-12-24 02:31:00+00:00,9.015490722735,22.146666666666665,0.4,21.0,25.0,0
151,2024-12-24 02:32:00+00:00,9.015490722735,22.146666666666665,0.4,21.0,25.0,0
152,2024-12-24 02:33:00+00:00,9.015490722735,22.146666666666665,0.4,21.0,25.0,0
153,2024-12-24 02:34:00+00:00,9.015490722735,22.14,0.4,21.0,25.0,0
154,2024-12-24 02:35:00+00:00,9.015490722735,22.133333333333333,0.4,21.0,25.0,0
155,2024-12-24 02:36:00+00:00,9.015490722735,22.14,0.4,21.0,25.0,0
156,2024-12-24 02:37:00+00:00,9.015490722735,22.14,0.4,21.0,25.0,0
157,2024-12-24 02:38:00+00:00,9.015490722735,22.14,0.4,21.0,25.0,0
158,2024-12-24 02:39:00+00:00,9.015490722735,22.133333333333333,0.4,21.0,25.0,0
159,2024-12-24 02:40:00+00:00,9.015490722735,22.133333333333333,0.4,21.0,25.0,0
160,2024-12-24 02:41:00+00:00,9.015490722735,22.12666666666667,0.4,21.0,25.0,0
161,2024-12-24 02:43:00+00:00,9.015490722735,22.133333333333333,0.4,21.0,25.0,0
162,2024-12-24 02:44:00+00:00,9.015490722735,22.14,0.4,21.0,25.0,0
163,2024-12-24 02:45:00+00:00,9.015490722735,22.14,0.4,21.0,25.0,0
164,2024-12-24 02:46:00+00:00,9.015490722735,22.14,0.4,21.0,25.0,0
165,2024-12-24 02:47:00+00:00,9.015490722735,22.126666666666665,0.4,21.0,25.0,0
166,2024-12-24 02:48:00+00:00,9.015490722735,22.113333333333333,0.4,21.0,25.0,0
167,2024-12-24 02:49:00+00:00,9.015490722735,22.113333333333337,0.4,21.0,25.0,0
168,2024-12-24 02:50:00+00:00,9.015490722735,22.113333333333333,0.4,21.0,25.0,0
169,2024-12-24 02:51:00+00:00,9.015490722735,22.113333333333337,0.4,21.0,25.0,0
170,2024-12-24 02:52:00+00:00,9.015490722735,22.113333333333333,0.4,21.0,25.0,0
171,2024-12-24 02:53:00+00:00,9.015490722735,22.12,0.4,21.0,25.0,0
172,2024-12-24 02:54:00+00:00,9.015490722735,22.126666666666665,0.4,21.0,25.0,0
173,2024-12-24 02:55:00+00:00,9.015490722735,22.12666666666667,0.4,21.0,25.0,0
174,2024-12-24 02:56:00+00:00,9.015490722735,22.12666666666667,0.4,21.0,25.0,0
175,2024-12-24 02:57:00+00:00,9.015490722735,22.126666666666665,0.4,21.0,25.0,0
176,2024-12-24 02:58:00+00:00,9.015490722735,22.12,0.4,21.0,25.0,0
177,2024-12-24 02:59:00+00:00,9.015490722735,22.12666666666667,0.4,21.0,25.0,0
178,2024-12-24 03:00:00+00:00,9.015490722735,22.12666666666667,0.4,21.0,25.0,0
179,2024-12-24 03:01:00+00:00,9.015490722735,22.113333333333337,0.4,21.0,25.0,0
180,2024-12-24 03:02:00+00:00,9.015490722735,22.12,0.4,21.0,25.0,0
181,2024-12-24 03:04:00+00:00,9.015490722735,22.12666666666667,0.4,21.0,25.0,0
182,2024-12-24 03:05:00+00:00,9.015490722735,22.120000000000005,0.4,21.0,25.0,0
183,2024-12-24 03:06:00+00:00,9.015490722735,22.113333333333337,0.4,21.0,25.0,0
184,2024-12-24 03:07:00+00:00,9.015490722735,22.113333333333333,0.4,21.0,25.0,0
185,2024-12-24 03:08:00+00:00,9.015490722735,22.10666666666667,0.4,21.0,25.0,0
186,2024-12-24 03:09:00+00:00,9.015490722735,22.1,0.4,21.0,25.0,0
187,2024-12-24 03:10:00+00:00,9.015490722735,22.093333333333337,0.4,21.0,25.0,0
188,2024-12-24 03:11:00+00:00,9.015490722735,22.093333333333337,0.4,21.0,25.0,0
189,2024-12-24 03:12:00+00:00,9.015490722735,22.086666666666662,0.4,21.0,25.0,0
190,2024-12-24 03:13:00+00:00,9.015490722735,22.08,0.4,21.0,25.0,0
191,2024-12-24 03:14:00+00:00,9.015490722735,22.08,0.4,21.0,25.0,0
192,2024-12-24 03:15:00+00:00,9.015490722735,22.08,0.4,21.0,25.0,0
193,2024-12-24 03:16:00+00:00,9.015490722735,22.07333333333333,0.4,21.0,25.0,0
194,2024-12-24 03:17:00+00:00,9.015490722735,22.07333333333333,0.4,21.0,25.0,0
195,2024-12-24 03:18:00+00:00,9.015490722735,22.07333333333333,0.4,21.0,25.0,0
196,2024-12-24 03:19:00+00:00,9.015490722735,22.066666666666663,0.4,21.0,25.0,0
197,2024-12-24 03:20:00+00:00,9.015490722735,22.066666666666663,0.4,21.0,25.0,0
198,2024-12-24 03:21:00+00:00,9.015490722735,22.07333333333333,0.4,21.0,25.0,0
199,2024-12-24 03:22:00+00:00,9.015490722735,22.07333333333333,0.4,21.0,25.0,0
200,2024-12-24 03:23:00+00:00,9.015490722735,22.066666666666663,0.4,21.0,25.0,0
201,2024-12-24 03:24:00+00:00,9.015490722735,22.06666666666667,0.4,21.0,25.0,0
202,2024-12-24 03:25:00+00:00,9.015490722735,22.066666666666663,0.4,21.0,25.0,0
203,2024-12-24 03:26:00+00:00,9.015490722735,22.066666666666663,0.4,21.0,25.0,0
204,2024-12-24 03:27:00+00:00,9.015490722735,22.07333333333333,0.4,21.0,25.0,0
205,2024-12-24 03:28:00+00:00,9.015490722735,22.08,0.4,21.0,25.0,0
206,2024-12-24 03:29:00+00:00,9.015490722735,22.08,0.4,21.0,25.0,0
207,2024-12-24 03:30:00+00:00,9.015490722735,22.08,0.8,21.0,25.0,0
208,2024-12-24 03:31:00+00:00,9.015490722735,22.08666666666667,0.8,21.0,25.0,0
209,2024-12-24 03:32:00+00:00,9.015490722735,22.08666666666667,0.8,21.0,25.0,0
210,2024-12-24 03:33:00+00:00,9.015490722735,22.086666666666662,0.8,21.0,25.0,0
211,2024-12-24 03:34:00+00:00,9.015490722735,22.093333333333337,0.8,21.0,25.0,0
212,2024-12-24 03:35:00+00:00,9.015490722735,22.09333333333333,0.8,21.0,25.0,0
213,2024-12-24 03:36:00+00:00,9.015490722735,22.093333333333337,0.8,21.0,25.0,0
214,2024-12-24 03:37:00+00:00,9.015490722735,22.093333333333337,0.8,21.0,25.0,0
215,2024-12-24 03:38:00+00:00,9.015490722735,22.093333333333337,0.8,21.0,25.0,0
216,2024-12-24 03:39:00+00:00,9.015490722735,22.086666666666662,0.8,21.0,25.0,0
217,2024-12-24 03:40:00+00:00,9.015490722735,22.086666666666662,0.8,21.0,25.0,0
218,2024-12-24 03:41:00+00:00,9.015490722735,22.086666666666662,0.8,21.0,25.0,0
219,2024-12-24 03:42:00+00:00,9.015490722735,22.08666666666667,0.8,21.0,25.0,0
220,2024-12-24 03:43:00+00:00,9.015490722735,22.086666666666662,0.8,21.0,25.0,0
221,2024-12-24 03:44:00+00:00,9.015490722735,22.086666666666662,0.8,21.0,25.0,0
222,2024-12-24 03:45:00+00:00,9.015490722735,22.08,0.8,21.0,25.0,0
223,2024-12-24 03:46:00+00:00,9.015490722735,22.08,0.8,21.0,25.0,0
224,2024-12-24 03:47:00+00:00,9.015490722735,22.08,0.8,21.0,25.0,0
225,2024-12-24 03:48:00+00:00,9.015490722735,22.07333333333333,0.8,21.0,25.0,0
226,2024-12-24 03:49:00+00:00,9.015490722735,22.066666666666663,0.8,21.0,25.0,0
227,2024-12-24 03:50:00+00:00,9.015490722735,22.06,0.8,21.0,25.0,0
228,2024-12-24 03:51:00+00:00,9.015490722735,22.05333333333333,0.8,21.0,25.0,0
229,2024-12-24 03:52:00+00:00,9.015490722735,22.05333333333333,0.8,21.0,25.0,0
230,2024-12-24 03:53:00+00:00,9.015490722735,22.05333333333333,0.8,21.0,25.0,0
231,2024-12-24 03:54:00+00:00,9.015490722735,22.05333333333333,0.8,21.0,25.0,0
232,2024-12-24 03:55:00+00:00,9.015490722735,22.04666666666667,0.8,21.0,25.0,0
233,2024-12-24 03:56:00+00:00,9.015490722735,22.046666666666667,0.8,21.0,25.0,0
234,2024-12-24 03:57:00+00:00,9.015490722735,22.04666666666667,0.8,21.0,25.0,0
235,2024-12-24 03:58:00+00:00,9.015490722735,22.040000000000003,0.8,21.0,25.0,0
236,2024-12-24 03:59:00+00:00,9.015490722735,22.040000000000003,0.8,21.0,25.0,0
237,2024-12-24 04:00:00+00:00,9.015490722735,22.026666666666667,0.8,21.0,25.0,0
238,2024-12-24 04:01:00+00:00,9.015490722735,22.02,0.8,21.0,25.0,0
239,2024-12-24 04:02:00+00:00,9.015490722735,22.026666666666664,0.8,21.0,25.0,0
240,2024-12-24 04:03:00+00:00,9.015490722735,22.026666666666664,0.8,21.0,25.0,0
241,2024-12-24 04:04:00+00:00,9.015490722735,22.040000000000003,0.8,21.0,25.0,0
242,2024-12-24 04:05:00+00:00,9.015490722735,22.05333333333333,0.8,21.0,25.0,0
243,2024-12-24 04:06:00+00:00,9.015490722735,22.05333333333333,0.8,21.0,25.0,0
244,2024-12-24 04:07:00+00:00,9.015490722735,22.046666666666667,0.8,21.0,25.0,0
245,2024-12-24 04:08:00+00:00,9.015490722735,22.05333333333333,0.8,21.0,25.0,0
246,2024-12-24 04:09:00+00:00,9.015490722735,22.05333333333333,0.8,21.0,25.0,0
247,2024-12-24 04:10:00+00:00,9.015490722735,22.046666666666667,0.8,21.0,25.0,0
248,2024-12-24 04:11:00+00:00,9.015490722735,22.040000000000003,0.8,21.0,25.0,0
249,2024-12-24 04:12:00+00:00,9.015490722735,22.040000000000003,0.8,21.0,25.0,0
250,2024-12-24 04:13:00+00:00,9.015490722735,22.040000000000003,0.8,21.0,25.0,0
251,2024-12-24 04:14:00+00:00,9.015490722735,22.03333333333333,0.8,21.0,25.0,0
252,2024-12-24 04:15:00+00:00,9.015490722735,22.046666666666667,0.8,21.0,25.0,0
253,2024-12-24 04:16:00+00:00,9.015490722735,22.046666666666667,0.8,21.0,25.0,0
254,2024-12-24 04:17:00+00:00,9.015490722735,22.04666666666667,0.8,21.0,25.0,0
255,2024-12-24 04:18:00+00:00,9.015490722735,22.05333333333333,0.8,21.0,25.0,0
256,2024-12-24 04:19:00+00:00,9.015490722735,22.046666666666667,0.8,21.0,25.0,0
257,2024-12-24 04:20:00+00:00,9.015490722735,22.03333333333333,0.8,21.0,25.0,0
258,2024-12-24 04:21:00+00:00,9.015490722735,22.03333333333333,0.8,21.0,25.0,0
259,2024-12-24 04:22:00+00:00,9.015490722735,22.03333333333333,0.8,21.0,25.0,0
260,2024-12-24 04:23:00+00:00,9.015490722735,22.02,0.8,21.0,25.0,0
261,2024-12-24 04:24:00+00:00,9.015490722735,22.02,0.8,21.0,25.0,0
262,2024-12-24 04:25:00+00:00,9.015490722735,22.03333333333333,0.8,21.0,25.0,0
263,2024-12-24 04:26:00+00:00,9.015490722735,22.026666666666664,0.8,21.0,25.0,0
264,2024-12-24 04:27:00+00:00,9.015490722735,22.026666666666664,0.8,21.0,25.0,0
265,2024-12-24 04:28:00+00:00,9.015490722735,22.02,0.8,21.0,25.0,0
266,2024-12-24 04:29:00+00:00,9.015490722735,22.02,0.8,21.0,25.0,0
267,2024-12-24 04:30:00+00:00,9.015490722735,22.02,0.7,21.0,25.0,0
268,2024-12-24 04:31:00+00:00,9.015490722735,22.01333333333333,0.7,21.0,25.0,0
269,2024-12-24 04:32:00+00:00,9.015490722735,22.01333333333333,0.7,21.0,25.0,0
270,2024-12-24 04:33:00+00:00,9.015490722735,22.013333333333332,0.7,21.0,25.0,0
271,2024-12-24 04:34:00+00:00,9.015490722735,22.006666666666668,0.7,21.0,25.0,0
272,2024-12-24 04:35:00+00:00,9.015490722735,22.0,0.7,21.0,25.0,0
273,2024-12-24 04:36:00+00:00,9.015490722735,22.0,0.7,21.0,25.0,0
274,2024-12-24 04:37:00+00:00,9.015490722735,22.0,0.7,21.0,25.0,0
275,2024-12-24 04:38:00+00:00,9.015490722735,22.006666666666668,0.7,21.0,25.0,0
276,2024-12-24 04:39:00+00:00,9.015490722735,22.013333333333332,0.7,21.0,25.0,0
277,2024-12-24 04:40:00+00:00,9.015490722735,22.01333333333333,0.7,21.0,25.0,0
278,2024-12-24 04:41:00+00:00,9.015490722735,22.02,0.7,21.0,25.0,0
279,2024-12-24 04:42:00+00:00,9.015490722735,22.01333333333333,0.7,21.0,25.0,0
280,2024-12-24 04:43:00+00:00,9.015490722735,22.02,0.7,21.0,25.0,0
281,2024-12-24 04:44:00+00:00,9.015490722735,22.02,0.7,21.0,25.0,0
282,2024-12-24 04:45:00+00:00,9.015490722735,22.01333333333333,0.7,21.0,25.0,0
283,2024-12-24 04:46:00+00:00,9.015490722735,22.02,0.7,21.0,25.0,0
284,2024-12-24 04:47:00+00:00,9.015490722735,22.01333333333333,0.7,21.0,25.0,0
285,2024-12-24 04:48:00+00:00,9.015490722735,22.0,0.7,21.0,25.0,0
286,2024-12-24 04:49:00+00:00,9.015490722735,22.0,0.7,21.0,25.0,0
287,2024-12-24 04:50:00+00:00,9.015490722735,22.01333333333333,0.7,21.0,25.0,0
288,2024-12-24 04:51:00+00:00,9.015490722735,22.006666666666668,0.7,21.0,25.0,0
289,2024-12-24 04:53:00+00:00,9.015490722735,22.0,0.7,21.0,25.0,0
290,2024-12-24 04:54:00+00:00,9.015490722735,22.0,0.7,21.0,25.0,0
291,2024-12-24 04:55:00+00:00,9.015490722735,21.99333333333333,0.7,21.0,25.0,0
292,2024-12-24 04:56:00+00:00,9.015490722735,21.98,0.7,21.0,25.0,0
293,2024-12-24 04:57:00+00:00,9.015490722735,21.98,0.7,21.0,25.0,0
294,2024-12-24 04:58:00+00:00,9.015490722735,21.986666666666668,0.7,21.0,25.0,0
295,2024-12-24 04:59:00+00:00,9.015490722735,21.993333333333336,0.7,21.0,25.0,0
296,2024-12-24 05:00:00+00:00,9.015490722735,21.993333333333336,0.7,21.0,25.0,0
297,2024-12-24 05:01:00+00:00,9.015490722735,21.993333333333336,0.7,22.0,24.0,0
298,2024-12-24 05:02:00+00:00,9.015490722735,21.993333333333336,0.7,22.0,24.0,0
299,2024-12-24 05:03:00+00:00,9.015490722735,21.993333333333336,0.7,22.0,24.0,0
300,2024-12-24 05:04:00+00:00,9.015490722735,22.0,0.7,22.0,24.0,0
301,2024-12-24 05:05:00+00:00,9.015490722735,22.006666666666664,0.7,22.0,24.0,0
302,2024-12-24 05:06:00+00:00,9.015490722735,22.006666666666668,0.7,22.0,24.0,0
303,2024-12-24 05:07:00+00:00,9.015490722735,22.01333333333333,0.7,22.0,24.0,0
304,2024-12-24 05:08:00+00:00,9.015490722735,22.026666666666664,0.7,22.0,24.0,0
305,2024-12-24 05:09:00+00:00,9.015490722735,22.026666666666664,0.7,22.0,24.0,0
306,2024-12-24 05:10:00+00:00,9.015490722735,22.026666666666664,0.7,22.0,24.0,0
307,2024-12-24 05:11:00+00:00,9.015490722735,22.03333333333333,0.7,22.0,24.0,0
308,2024-12-24 05:12:00+00:00,9.015490722735,22.03333333333333,0.7,22.0,24.0,0
309,2024-12-24 05:13:00+00:00,9.015490722735,22.026666666666664,0.7,22.0,24.0,0
310,2024-12-24 05:14:00+00:00,9.015490722735,22.02,0.7,22.0,24.0,0
311,2024-12-24 05:15:00+00:00,9.015490722735,22.02,0.7,22.0,24.0,0
312,2024-12-24 05:16:00+00:00,9.015490722735,22.026666666666664,0.7,22.0,24.0,0
313,2024-12-24 05:17:00+00:00,9.015490722735,22.026666666666664,0.7,22.0,24.0,0
314,2024-12-24 05:18:00+00:00,9.015490722735,22.03333333333333,0.7,22.0,24.0,0
315,2024-12-24 05:19:00+00:00,9.015490722735,22.04,0.7,22.0,24.0,0
316,2024-12-24 05:20:00+00:00,9.015490722735,22.03333333333333,0.7,22.0,24.0,0
317,2024-12-24 05:21:00+00:00,9.015490722735,22.026666666666664,0.7,22.0,24.0,0
318,2024-12-24 05:22:00+00:00,9.015490722735,22.026666666666664,0.7,22.0,24.0,0
319,2024-12-24 05:23:00+00:00,9.015490722735,22.026666666666664,0.7,22.0,24.0,0
320,2024-12-24 05:24:00+00:00,9.015490722735,22.03333333333333,0.7,22.0,24.0,0
321,2024-12-24 05:25:00+00:00,9.015490722735,22.04,0.7,22.0,24.0,0
322,2024-12-24 05:26:00+00:00,9.015490722735,22.040000000000003,0.7,22.0,24.0,0
323,2024-12-24 05:27:00+00:00,9.015490722735,22.04666666666667,0.7,22.0,24.0,0
324,2024-12-24 05:28:00+00:00,9.015490722735,22.053333333333335,0.7,22.0,24.0,0
325,2024-12-24 05:29:00+00:00,9.015490722735,22.053333333333335,0.7,22.0,24.0,0
326,2024-12-24 05:30:00+00:00,9.015490722735,22.053333333333335,1.2,22.0,24.0,0
327,2024-12-24 05:31:00+00:00,9.015490722735,22.04666666666667,1.2,22.0,24.0,0
328,2024-12-24 05:32:00+00:00,9.015490722735,22.05333333333333,1.2,22.0,24.0,0
329,2024-12-24 05:33:00+00:00,9.015490722735,22.05333333333333,1.2,22.0,24.0,0
330,2024-12-24 05:34:00+00:00,9.015490722735,22.05333333333333,1.2,22.0,24.0,0
331,2024-12-24 05:35:00+00:00,9.015490722735,22.05333333333333,1.2,22.0,24.0,0
332,2024-12-24 05:36:00+00:00,9.015490722735,22.06,1.2,22.0,24.0,0
333,2024-12-24 05:37:00+00:00,9.015490722735,22.06666666666667,1.2,22.0,24.0,0
334,2024-12-24 05:38:00+00:00,9.015490722735,22.06,1.2,22.0,24.0,0
335,2024-12-24 05:39:00+00:00,9.015490722735,22.046666666666667,1.2,22.0,24.0,0
336,2024-12-24 05:40:00+00:00,9.015490722735,22.04666666666667,1.2,22.0,24.0,0
337,2024-12-24 05:41:00+00:00,9.015490722735,22.04666666666667,1.2,22.0,24.0,0
338,2024-12-24 05:42:00+00:00,9.015490722735,22.040000000000003,1.2,22.0,24.0,0
339,2024-12-24 05:43:00+00:00,9.015490722735,22.04,1.2,22.0,24.0,0
340,2024-12-24 05:44:00+00:00,9.015490722735,22.040000000000003,1.2,22.0,24.0,0
341,2024-12-24 05:45:00+00:00,9.015490722735,22.04666666666667,1.2,22.0,24.0,0
342,2024-12-24 05:46:00+00:00,9.015490722735,22.04666666666667,1.2,22.0,24.0,0
343,2024-12-24 05:47:00+00:00,9.015490722735,22.04666666666667,1.2,22.0,24.0,0
344,2024-12-24 05:48:00+00:00,9.015490722735,22.046666666666667,1.2,22.0,24.0,0
345,2024-12-24 05:49:00+00:00,9.015490722735,22.040000000000003,1.2,22.0,24.0,0
346,2024-12-24 05:50:00+00:00,9.015490722735,22.03333333333333,1.2,22.0,24.0,0
347,2024-12-24 05:51:00+00:00,9.015490722735,22.026666666666664,1.2,22.0,24.0,0
348,2024-12-24 05:52:00+00:00,9.015490722735,22.02,1.2,22.0,24.0,0
349,2024-12-24 05:53:00+00:00,9.015490722735,22.026666666666664,1.2,22.0,24.0,0
350,2024-12-24 05:54:00+00:00,9.015490722735,22.040000000000003,1.2,22.0,24.0,0
351,2024-12-24 05:55:00+00:00,9.015490722735,22.03333333333333,1.2,22.0,24.0,0
352,2024-12-24 05:56:00+00:00,9.015490722735,22.026666666666664,1.2,22.0,24.0,0
353,2024-12-24 05:57:00+00:00,9.015490722735,22.026666666666664,1.2,22.0,24.0,0
354,2024-12-24 05:58:00+00:00,9.015490722735,22.02,1.2,22.0,24.0,0
355,2024-12-24 05:59:00+00:00,9.015490722735,22.02,1.2,22.0,24.0,0
356,2024-12-24 06:00:00+00:00,9.015490722735,22.02,1.2,22.0,24.0,0
357,2024-12-24 06:01:00+00:00,9.015490722735,22.026666666666664,1.2,22.0,24.0,0
358,2024-12-24 06:02:00+00:00,9.015490722735,22.026666666666664,1.2,22.0,24.0,0
359,2024-12-24 06:03:00+00:00,9.015490722735,22.026666666666667,1.2,22.0,24.0,0
360,2024-12-24 06:04:00+00:00,9.015490722735,22.03333333333333,1.2,22.0,24.0,0
361,2024-12-24 06:05:00+00:00,9.015490722735,22.04666666666667,1.2,22.0,24.0,0
362,2024-12-24 06:06:00+00:00,9.015490722735,22.053333333333335,1.2,22.0,24.0,0
363,2024-12-24 06:07:00+00:00,9.015490722735,22.06,1.2,22.0,24.0,0
364,2024-12-24 06:08:00+00:00,9.015490722735,22.06,1.2,22.0,24.0,0
365,2024-12-24 06:09:00+00:00,9.015490722735,22.05333333333333,1.2,22.0,24.0,0
366,2024-12-24 06:10:00+00:00,9.015490722735,22.06,1.2,22.0,24.0,0
367,2024-12-24 06:11:00+00:00,9.015490722735,22.07333333333333,1.2,22.0,24.0,0
368,2024-12-24 06:12:00+00:00,9.015490722735,22.08,1.2,22.0,24.0,0
369,2024-12-24 06:13:00+00:00,9.015490722735,22.08,1.2,22.0,24.0,0
370,2024-12-24 06:14:00+00:00,9.015490722735,22.08,1.2,22.0,24.0,0
371,2024-12-24 06:15:00+00:00,9.015490722735,22.07333333333333,1.2,22.0,24.0,0
372,2024-12-24 06:16:00+00:00,9.015490722735,22.06666666666667,1.2,22.0,24.0,0
373,2024-12-24 06:17:00+00:00,9.015490722735,22.06,1.2,22.0,24.0,0
374,2024-12-24 06:18:00+00:00,9.015490722735,22.06,1.2,22.0,24.0,0
375,2024-12-24 06:19:00+00:00,9.015490722735,22.05333333333333,1.2,22.0,24.0,0
376,2024-12-24 06:20:00+00:00,9.015490722735,22.05333333333333,1.2,22.0,24.0,0
377,2024-12-24 06:21:00+00:00,9.015490722735,22.040000000000003,1.2,22.0,24.0,0
378,2024-12-24 06:22:00+00:00,9.015490722735,22.03333333333333,1.2,22.0,24.0,0
379,2024-12-24 06:23:00+00:00,9.015490722735,22.026666666666664,1.2,22.0,24.0,0
380,2024-12-24 06:24:00+00:00,9.015490722735,22.026666666666664,1.2,22.0,24.0,0
381,2024-12-24 06:25:00+00:00,9.015490722735,22.026666666666667,1.2,22.0,24.0,0
382,2024-12-24 06:26:00+00:00,9.015490722735,22.02,1.2,22.0,24.0,0
383,2024-12-24 06:27:00+00:00,9.015490722735,22.01333333333333,1.2,22.0,24.0,0
384,2024-12-24 06:28:00+00:00,9.015490722735,22.006666666666664,1.2,22.0,24.0,0
385,2024-12-24 06:29:00+00:00,9.015490722735,22.0,1.2,22.0,24.0,0
386,2024-12-24 06:30:00+00:00,9.015490722735,21.99333333333333,1.5,22.0,24.0,0
387,2024-12-24 06:31:00+00:00,9.015490722735,22.0,1.5,22.0,24.0,0
388,2024-12-24 06:32:00+00:00,9.015490722735,21.99333333333333,1.5,22.0,24.0,0
389,2024-12-24 06:33:00+00:00,9.015490722735,21.986666666666668,1.5,22.0,24.0,0
390,2024-12-24 06:34:00+00:00,9.015490722735,21.98,1.5,22.0,24.0,0
391,2024-12-24 06:35:00+00:00,9.015490722735,21.966666666666665,1.5,22.0,24.0,0
392,2024-12-24 06:36:00+00:00,9.015490722735,21.973333333333336,1.5,22.0,24.0,0
393,2024-12-24 06:37:00+00:00,9.015490722735,21.966666666666665,1.5,22.0,24.0,0
394,2024-12-24 06:38:00+00:00,9.015490722735,21.96,1.5,22.0,24.0,0
395,2024-12-24 06:39:00+00:00,9.015490722735,21.96,1.5,22.0,24.0,0
396,2024-12-24 06:40:00+00:00,9.015490722735,21.946666666666665,1.5,22.0,24.0,0
397,2024-12-24 06:41:00+00:00,9.015490722735,21.94,1.5,22.0,24.0,0
398,2024-12-24 06:42:00+00:00,9.015490722735,21.94,1.5,22.0,24.0,0
399,2024-12-24 06:43:00+00:00,9.015490722735,21.946666666666665,1.5,22.0,24.0,0
400,2024-12-24 06:44:00+00:00,9.015490722735,21.946666666666665,1.5,22.0,24.0,0
401,2024-12-24 06:45:00+00:00,9.015490722735,21.953333333333333,1.5,22.0,24.0,0
402,2024-12-24 06:46:00+00:00,9.015490722735,21.94,1.5,22.0,24.0,0
403,2024-12-24 06:47:00+00:00,9.015490722735,21.946666666666665,1.5,22.0,24.0,0
404,2024-12-24 06:48:00+00:00,9.015490722735,21.946666666666665,1.5,22.0,24.0,0
405,2024-12-24 06:49:00+00:00,9.015490722735,21.946666666666665,1.5,22.0,24.0,0
406,2024-12-24 06:50:00+00:00,9.015490722735,21.95333333333333,1.5,22.0,24.0,0
407,2024-12-24 06:51:00+00:00,9.015490722735,21.95333333333333,1.5,22.0,24.0,0
408,2024-12-24 06:52:00+00:00,9.015490722735,21.953333333333333,1.5,22.0,24.0,0
409,2024-12-24 06:54:00+00:00,9.015490722735,21.98,1.5,22.0,24.0,0
410,2024-12-24 06:55:00+00:00,9.015490722735,21.980000000000004,1.5,22.0,24.0,0
411,2024-12-24 06:56:00+00:00,9.015490722735,21.99333333333333,1.5,22.0,24.0,0
412,2024-12-24 06:57:00+00:00,9.015490722735,22.006666666666668,1.5,22.0,24.0,0
413,2024-12-24 06:58:00+00:00,9.015490722735,22.0,1.5,22.0,24.0,0
414,2024-12-24 07:00:00+00:00,9.015490722735,22.0,1.5,22.0,24.0,0
415,2024-12-24 07:01:00+00:00,9.015490722735,22.0,1.5,22.0,24.0,0
416,2024-12-24 07:02:00+00:00,9.015490722735,21.986666666666665,1.5,22.0,24.0,0
417,2024-12-24 07:03:00+00:00,9.015490722735,21.986666666666668,1.5,22.0,24.0,0
418,2024-12-24 07:04:00+00:00,9.015490722735,21.986666666666668,1.5,22.0,24.0,0
419,2024-12-24 07:05:00+00:00,9.015490722735,21.98,1.5,22.0,24.0,0
420,2024-12-24 07:06:00+00:00,9.015490722735,21.980000000000004,1.5,22.0,24.0,0
421,2024-12-24 07:07:00+00:00,9.015490722735,21.966666666666665,1.5,22.0,24.0,0
422,2024-12-24 07:08:00+00:00,9.015490722735,21.966666666666665,1.5,22.0,24.0,0
423,2024-12-24 07:09:00+00:00,9.015490722735,21.966666666666665,1.5,22.0,24.0,0
424,2024-12-24 07:10:00+00:00,9.015490722735,21.933333333333334,1.5,22.0,24.0,0
425,2024-12-24 07:11:00+00:00,9.015490722735,21.91333333333333,1.5,22.0,24.0,0
426,2024-12-24 07:12:00+00:00,9.015490722735,21.886666666666667,1.5,22.0,24.0,0
427,2024-12-24 07:13:00+00:00,9.015490722735,21.86,1.5,22.0,24.0,0
428,2024-12-24 07:14:00+00:00,9.015490722735,21.85333333333333,1.5,22.0,24.0,0
429,2024-12-24 07:15:00+00:00,9.015490722735,21.846666666666668,1.5,22.0,24.0,0
430,2024-12-24 07:16:00+00:00,9.015490722735,21.84,1.5,22.0,24.0,0
431,2024-12-24 07:17:00+00:00,9.015490722735,21.83333333333333,1.5,22.0,24.0,0
432,2024-12-24 07:18:00+00:00,9.015490722735,21.83333333333333,1.5,22.0,24.0,0
433,2024-12-24 07:19:00+00:00,9.015490722735,21.83333333333333,1.5,22.0,24.0,0
434,2024-12-24 07:20:00+00:00,9.015490722735,21.83333333333333,1.5,22.0,24.0,0
435,2024-12-24 07:21:00+00:00,9.015490722735,21.84666666666667,1.5,22.0,24.0,0
436,2024-12-24 07:22:00+00:00,9.015490722735,21.860000000000003,1.5,22.0,24.0,0
437,2024-12-24 07:23:00+00:00,9.015490722735,21.866666666666667,1.5,22.0,24.0,0
438,2024-12-24 07:24:00+00:00,9.015490722735,21.886666666666663,1.5,22.0,24.0,0
439,2024-12-24 07:25:00+00:00,9.015490722735,21.913333333333338,1.5,22.0,24.0,0
440,2024-12-24 07:26:00+00:00,9.015490722735,21.946666666666665,1.5,22.0,24.0,0
441,2024-12-24 07:27:00+00:00,9.015490722735,21.98,1.5,22.0,24.0,0
442,2024-12-24 07:28:00+00:00,9.015490722735,22.026666666666664,1.5,22.0,24.0,0
443,2024-12-24 07:29:00+00:00,9.015490722735,22.066666666666663,1.5,22.0,24.0,0
444,2024-12-24 07:30:00+00:00,9.015490722735,22.1,1.7,22.0,24.0,0
445,2024-12-24 07:31:00+00:00,9.015490722735,22.14,1.7,22.0,24.0,0
446,2024-12-24 07:32:00+00:00,9.015490722735,22.2,1.7,22.0,24.0,0
447,2024-12-24 07:33:00+00:00,9.015490722735,22.246666666666663,1.7,22.0,24.0,0
448,2024-12-24 07:34:00+00:00,9.015490722735,22.293333333333333,1.7,22.0,24.0,0
449,2024-12-24 07:35:00+00:00,9.015490722735,22.34,1.7,22.0,24.0,0
450,2024-12-24 07:36:00+00:00,9.015490722735,22.366666666666667,1.7,22.0,24.0,0
451,2024-12-24 07:37:00+00:00,9.015490722735,22.41333333333333,1.7,22.0,24.0,0
452,2024-12-24 07:38:00+00:00,9.015490722735,22.453333333333333,1.7,22.0,24.0,0
453,2024-12-24 07:39:00+00:00,9.015490722735,22.486666666666668,1.7,22.0,24.0,0
454,2024-12-24 07:40:00+00:00,9.015490722735,22.52,1.7,22.0,24.0,0
455,2024-12-24 07:42:00+00:00,9.015490722735,22.546666666666667,1.7,22.0,24.0,0
456,2024-12-24 07:43:00+00:00,9.015490722735,22.57333333333333,1.7,22.0,24.0,0
457,2024-12-24 07:44:00+00:00,9.015490722735,22.593333333333337,1.7,22.0,24.0,0
458,2024-12-24 07:45:00+00:00,9.015490722735,22.606666666666666,1.7,22.0,24.0,0
459,2024-12-24 07:46:00+00:00,9.015490722735,22.62,1.7,22.0,24.0,0
460,2024-12-24 07:47:00+00:00,9.015490722735,22.633333333333333,1.7,22.0,24.0,0
461,2024-12-24 07:48:00+00:00,9.015490722735,22.633333333333333,1.7,22.0,24.0,0
462,2024-12-24 07:49:00+00:00,9.015490722735,22.633333333333333,1.7,22.0,24.0,0
463,2024-12-24 07:50:00+00:00,9.015490722735,22.626666666666665,1.7,22.0,24.0,0
464,2024-12-24 07:51:00+00:00,9.015490722735,22.626666666666665,1.7,22.0,24.0,0
465,2024-12-24 07:52:00+00:00,9.015490722735,22.633333333333333,1.7,22.0,24.0,0
466,2024-12-24 07:53:00+00:00,9.015490722735,22.626666666666665,1.7,22.0,24.0,0
467,2024-12-24 07:54:00+00:00,9.015490722735,22.613333333333333,1.7,22.0,24.0,0
468,2024-12-24 07:55:00+00:00,9.015490722735,22.60666666666667,1.7,22.0,24.0,0
469,2024-12-24 07:56:00+00:00,9.015490722735,22.600000000000005,1.7,22.0,24.0,0
470,2024-12-24 07:57:00+00:00,9.015490722735,22.586666666666662,1.7,22.0,24.0,0
471,2024-12-24 07:58:00+00:00,9.015490722735,22.58,1.7,22.0,24.0,0
472,2024-12-24 07:59:00+00:00,9.015490722735,22.57333333333333,1.7,22.0,24.0,0
473,2024-12-24 08:00:00+00:00,9.015490722735,22.56666666666667,1.7,22.0,24.0,0
474,2024-12-24 08:01:00+00:00,9.015490722735,22.56,1.7,22.0,24.0,0
475,2024-12-24 08:02:00+00:00,9.015490722735,22.546666666666667,1.7,22.0,24.0,0
476,2024-12-24 08:03:00+00:00,9.015490722735,22.53333333333333,1.7,22.0,24.0,0
477,2024-12-24 08:04:00+00:00,9.015490722735,22.52,1.7,22.0,24.0,0
478,2024-12-24 08:05:00+00:00,9.015490722735,22.506666666666668,1.7,22.0,24.0,0
479,2024-12-24 08:06:00+00:00,16.011474609375,22.49333333333333,1.7,22.0,24.0,0
480,2024-12-24 08:07:00+00:00,16.011474609375,22.48,1.7,22.0,24.0,0
481,2024-12-24 08:08:00+00:00,30.230310058515002,22.466666666666665,1.7,22.0,24.0,0
482,2024-12-24 08:09:00+00:00,38.03724975582,22.453333333333333,1.7,22.0,24.0,0
483,2024-12-24 08:10:00+00:00,54.66357421875,22.433333333333334,1.7,22.0,24.0,0
484,2024-12-24 08:11:00+00:00,73.09945678707001,22.42,1.7,22.0,24.0,0
485,2024-12-24 08:12:00+00:00,98.13372802726501,22.42,1.7,22.0,24.0,0
486,2024-12-24 08:13:00+00:00,125.08330078125002,22.41333333333333,1.7,22.0,24.0,0
487,2024-12-24 08:14:00+00:00,162.997311401505,22.399999999999995,1.7,22.0,24.0,0
488,2024-12-24 08:15:00+00:00,179.953747558515,22.39333333333333,1.7,22.0,24.0,0
489,2024-12-24 08:16:00+00:00,201.35852050796998,22.386666666666663,1.7,22.0,24.0,0
490,2024-12-24 08:17:00+00:00,228.70357360830002,22.38,1.7,22.0,24.0,0
491,2024-12-24 08:18:00+00:00,241.68328857414002,22.38,1.7,22.0,24.0,0
492,2024-12-24 08:19:00+00:00,257.94777832047,22.37333333333333,1.7,22.0,24.0,0
493,2024-12-24 08:20:00+00:00,265.76913757338,22.37333333333333,1.7,22.0,24.0,0
494,2024-12-24 08:21:00+00:00,273.59741821293005,22.366666666666667,1.7,22.0,24.0,0
495,2024-12-24 08:22:00+00:00,266.80965271002,22.366666666666667,1.7,22.0,24.0,0
496,2024-12-24 08:23:00+00:00,240.30650939935504,22.36,1.7,22.0,24.0,0
497,2024-12-24 08:24:00+00:00,217.35057678232502,22.36,1.7,22.0,24.0,0
498,2024-12-24 08:25:00+00:00,195.06890258792998,22.36,1.7,22.0,24.0,0
499,2024-12-24 08:26:00+00:00,170.04136047349502,22.346666666666668,1.7,22.0,24.0,0
500,2024-12-24 08:27:00+00:00,140.70794677726502,22.346666666666668,1.7,22.0,24.0,0
501,2024-12-24 08:28:00+00:00,134.20030517586,22.33333333333333,1.7,22.0,24.0,0
502,2024-12-24 08:29:00+00:00,112.34218139644501,22.326666666666668,1.7,22.0,24.0,0
503,2024-12-24 08:30:00+00:00,102.357696533085,22.313333333333333,2.1,22.0,24.0,0
504,2024-12-24 08:31:00+00:00,84.62087402328,22.30666666666667,2.1,22.0,24.0,0
505,2024-12-24 08:32:00+00:00,77.27920532230499,22.3,2.1,22.0,24.0,0
506,2024-12-24 08:33:00+00:00,69.593005371015,22.28666666666667,2.1,22.0,24.0,0
507,2024-12-24 08:34:00+00:00,61.345404052695,22.28,2.1,22.0,24.0,0
508,2024-12-24 08:35:00+00:00,54.164849853555,22.266666666666666,2.1,22.0,24.0,0
509,2024-12-24 08:36:00+00:00,47.205780029415,22.26,2.1,22.0,24.0,0
510,2024-12-24 08:37:00+00:00,40.873864746015,22.246666666666663,2.1,22.0,24.0,0
511,2024-12-24 08:38:00+00:00,40.873864746015,22.24,2.1,22.0,24.0,0
512,2024-12-24 08:39:00+00:00,34.11320800797,22.23333333333333,2.1,22.0,24.0,0
513,2024-12-24 08:40:00+00:00,34.11320800797,22.23333333333333,2.1,22.0,24.0,0
514,2024-12-24 08:41:00+00:00,34.11320800797,22.22666666666667,2.1,22.0,24.0,0
515,2024-12-24 08:42:00+00:00,27.614794921875,22.206666666666663,2.1,22.0,24.0,0
516,2024-12-24 08:43:00+00:00,27.614794921875,22.2,2.1,22.0,24.0,0
517,2024-12-24 08:44:00+00:00,27.614794921875,22.186666666666664,2.1,22.0,24.0,0
518,2024-12-24 08:45:00+00:00,27.614794921875,22.18,2.1,22.0,24.0,0
519,2024-12-24 08:46:00+00:00,27.614794921875,22.166666666666668,2.1,22.0,24.0,0
520,2024-12-24 08:47:00+00:00,27.614794921875,22.15333333333333,2.1,22.0,24.0,0
521,2024-12-24 08:48:00+00:00,21.15944824203,22.146666666666665,2.1,22.0,24.0,0
522,2024-12-24 08:49:00+00:00,21.15944824203,22.14,2.1,22.0,24.0,0
523,2024-12-24 08:50:00+00:00,21.15944824203,22.14,2.1,22.0,24.0,0
524,2024-12-24 08:51:00+00:00,21.15944824203,22.133333333333333,2.1,22.0,24.0,0
525,2024-12-24 08:52:00+00:00,21.15944824203,22.126666666666665,2.1,22.0,24.0,0
526,2024-12-24 08:53:00+00:00,21.15944824203,22.113333333333333,2.1,22.0,24.0,0
527,2024-12-24 08:54:00+00:00,21.15944824203,22.1,2.1,22.0,24.0,0
528,2024-12-24 08:55:00+00:00,21.15944824203,22.08,2.1,22.0,24.0,0
529,2024-12-24 08:56:00+00:00,21.15944824203,22.07333333333333,2.1,22.0,24.0,0
530,2024-12-24 08:57:00+00:00,21.15944824203,22.07333333333333,2.1,22.0,24.0,0
531,2024-12-24 08:59:00+00:00,21.15944824203,22.066666666666663,2.1,22.0,24.0,0
532,2024-12-24 09:00:00+00:00,21.15944824203,22.066666666666663,2.1,22.0,24.0,0
533,2024-12-24 09:01:00+00:00,21.15944824203,22.066666666666663,2.1,22.0,24.0,0
534,2024-12-24 09:02:00+00:00,21.15944824203,22.066666666666663,2.1,22.0,24.0,0
535,2024-12-24 09:03:00+00:00,21.15944824203,22.07333333333333,2.1,22.0,24.0,0
536,2024-12-24 09:04:00+00:00,21.15944824203,22.07333333333333,2.1,22.0,24.0,0
537,2024-12-24 09:05:00+00:00,21.15944824203,22.07333333333333,2.1,22.0,24.0,0
538,2024-12-24 09:06:00+00:00,21.15944824203,22.07333333333333,2.1,22.0,24.0,0
539,2024-12-24 09:07:00+00:00,21.15944824203,22.07333333333333,2.1,22.0,24.0,0
540,2024-12-24 09:08:00+00:00,21.15944824203,22.07333333333333,2.1,22.0,24.0,0
541,2024-12-24 09:09:00+00:00,21.15944824203,22.07333333333333,2.1,22.0,24.0,0
542,2024-12-24 09:10:00+00:00,21.15944824203,22.07333333333333,2.1,22.0,24.0,0
543,2024-12-24 09:11:00+00:00,21.15944824203,22.08,2.1,22.0,24.0,0
544,2024-12-24 09:12:00+00:00,21.15944824203,22.08,2.1,22.0,24.0,0
545,2024-12-24 09:13:00+00:00,21.15944824203,22.07333333333333,2.1,22.0,24.0,0
546,2024-12-24 09:14:00+00:00,21.15944824203,22.07333333333333,2.1,22.0,24.0,0
547,2024-12-24 09:15:00+00:00,21.15944824203,22.066666666666663,2.1,22.0,24.0,0
548,2024-12-24 09:16:00+00:00,21.15944824203,22.07333333333333,2.1,22.0,24.0,0
549,2024-12-24 09:17:00+00:00,21.15944824203,22.066666666666663,2.1,22.0,24.0,0
550,2024-12-24 09:18:00+00:00,21.15944824203,22.06,2.1,22.0,24.0,0
551,2024-12-24 09:19:00+00:00,21.15944824203,22.06,2.1,22.0,24.0,0
552,2024-12-24 09:20:00+00:00,21.15944824203,22.06,2.1,22.0,24.0,0
553,2024-12-24 09:21:00+00:00,21.15944824203,22.046666666666667,2.1,22.0,24.0,0
554,2024-12-24 09:22:00+00:00,21.15944824203,22.03333333333333,2.1,22.0,24.0,0
555,2024-12-24 09:23:00+00:00,21.15944824203,22.026666666666667,2.1,22.0,24.0,0
556,2024-12-24 09:24:00+00:00,21.15944824203,22.026666666666667,2.1,22.0,24.0,0
557,2024-12-24 09:25:00+00:00,21.15944824203,22.026666666666667,2.1,22.0,24.0,0
558,2024-12-24 09:26:00+00:00,21.15944824203,22.02,2.1,22.0,24.0,0
559,2024-12-24 09:27:00+00:00,21.15944824203,22.01333333333333,2.1,22.0,24.0,0
560,2024-12-24 09:28:00+00:00,21.15944824203,22.01333333333333,2.1,22.0,24.0,0
561,2024-12-24 09:29:00+00:00,27.528277587930003,22.02,2.1,22.0,24.0,0
562,2024-12-24 09:30:00+00:00,27.528277587930003,22.02,2.5,22.0,24.0,0
563,2024-12-24 09:31:00+00:00,27.528277587930003,22.006666666666668,2.5,22.0,24.0,0
564,2024-12-24 09:32:00+00:00,27.528277587930003,22.006666666666668,2.5,22.0,24.0,0
565,2024-12-24 09:33:00+00:00,27.528277587930003,22.01333333333333,2.5,22.0,24.0,0
566,2024-12-24 09:34:00+00:00,27.528277587930003,22.006666666666664,2.5,22.0,24.0,0
567,2024-12-24 09:35:00+00:00,27.528277587930003,22.0,2.5,22.0,24.0,0
568,2024-12-24 09:36:00+00:00,27.528277587930003,22.0,2.5,22.0,24.0,0
569,2024-12-24 09:37:00+00:00,27.528277587930003,22.0,2.5,22.0,24.0,0
570,2024-12-24 09:38:00+00:00,27.528277587930003,21.99333333333333,2.5,22.0,24.0,0
571,2024-12-24 09:39:00+00:00,27.528277587930003,21.99333333333333,2.5,22.0,24.0,0
572,2024-12-24 09:40:00+00:00,27.528277587930003,21.986666666666665,2.5,22.0,24.0,0
573,2024-12-24 09:41:00+00:00,27.528277587930003,21.98,2.5,22.0,24.0,0
574,2024-12-24 09:42:00+00:00,27.528277587930003,21.98,2.5,22.0,24.0,0
575,2024-12-24 09:43:00+00:00,27.528277587930003,21.98,2.5,22.0,24.0,0
576,2024-12-24 09:44:00+00:00,27.528277587930003,21.95333333333333,2.5,22.0,24.0,0
577,2024-12-24 09:45:00+00:00,27.528277587930003,21.96,2.5,22.0,24.0,0
578,2024-12-24 09:46:00+00:00,27.528277587930003,21.96,2.5,22.0,24.0,0
579,2024-12-24 09:47:00+00:00,27.528277587930003,21.966666666666665,2.5,22.0,24.0,0
580,2024-12-24 09:48:00+00:00,27.528277587930003,21.966666666666665,2.5,22.0,24.0,0
581,2024-12-24 09:49:00+00:00,27.528277587930003,21.966666666666665,2.5,22.0,24.0,0
582,2024-12-24 09:50:00+00:00,27.528277587930003,21.96,2.5,22.0,24.0,0
583,2024-12-24 09:51:00+00:00,33.854040527265,21.96,2.5,22.0,24.0,0
584,2024-12-24 09:52:00+00:00,33.854040527265,21.973333333333333,2.5,22.0,24.0,0
585,2024-12-24 09:53:00+00:00,33.854040527265,21.973333333333336,2.5,22.0,24.0,0
586,2024-12-24 09:54:00+00:00,33.854040527265,21.973333333333336,2.5,22.0,24.0,0
587,2024-12-24 09:55:00+00:00,33.854040527265,21.980000000000004,2.5,22.0,24.0,0
588,2024-12-24 09:56:00+00:00,33.854040527265,21.986666666666668,2.5,22.0,24.0,0
589,2024-12-24 09:57:00+00:00,33.854040527265,21.993333333333336,2.5,22.0,24.0,0
590,2024-12-24 09:58:00+00:00,33.854040527265,21.993333333333336,2.5,22.0,24.0,0
591,2024-12-24 09:59:00+00:00,33.854040527265,22.013333333333332,2.5,22.0,24.0,0
592,2024-12-24 10:00:00+00:00,33.854040527265,22.006666666666668,2.5,22.0,24.0,0
593,2024-12-24 10:01:00+00:00,40.21671752941501,22.006666666666668,2.5,22.0,24.0,0
594,2024-12-24 10:02:00+00:00,40.21671752941501,22.0,2.5,22.0,24.0,0
595,2024-12-24 10:03:00+00:00,40.21671752941501,21.993333333333336,2.5,22.0,24.0,0
596,2024-12-24 10:04:00+00:00,40.21671752941501,21.993333333333336,2.5,22.0,24.0,0
597,2024-12-24 10:05:00+00:00,40.21671752941501,22.006666666666664,2.5,22.0,24.0,0
598,2024-12-24 10:06:00+00:00,40.21671752941501,22.006666666666664,2.5,22.0,24.0,0
599,2024-12-24 10:07:00+00:00,40.21671752941501,22.0,2.5,22.0,24.0,0
600,2024-12-24 10:08:00+00:00,40.21671752941501,22.01333333333333,2.5,22.0,24.0,0
601,2024-12-24 10:09:00+00:00,40.21671752941501,22.026666666666664,2.5,22.0,24.0,0
602,2024-12-24 10:10:00+00:00,40.21671752941501,22.04,2.5,22.0,24.0,0
603,2024-12-24 10:11:00+00:00,40.21671752941501,22.05333333333333,2.5,22.0,24.0,0
604,2024-12-24 10:12:00+00:00,40.21671752941501,22.066666666666663,2.5,22.0,24.0,0
605,2024-12-24 10:13:00+00:00,40.21671752941501,22.08,2.5,22.0,24.0,0
606,2024-12-24 10:14:00+00:00,40.21671752941501,22.1,2.5,22.0,24.0,0
607,2024-12-24 10:15:00+00:00,40.21671752941501,22.12,2.5,22.0,24.0,0
608,2024-12-24 10:16:00+00:00,40.21671752941501,22.126666666666665,2.5,22.0,24.0,0
609,2024-12-24 10:17:00+00:00,40.21671752941501,22.133333333333333,2.5,22.0,24.0,0
610,2024-12-24 10:18:00+00:00,40.21671752941501,22.146666666666665,2.5,22.0,24.0,0
611,2024-12-24 10:19:00+00:00,40.21671752941501,22.16,2.5,22.0,24.0,0
612,2024-12-24 10:20:00+00:00,40.21671752941501,22.166666666666668,2.5,22.0,24.0,0
613,2024-12-24 10:21:00+00:00,46.622845458944994,22.18,2.5,22.0,24.0,0
614,2024-12-24 10:22:00+00:00,46.622845458944994,22.19333333333333,2.5,22.0,24.0,0
615,2024-12-24 10:23:00+00:00,46.622845458944994,22.206666666666663,2.5,22.0,24.0,0
616,2024-12-24 10:24:00+00:00,46.622845458944994,22.206666666666667,2.5,22.0,24.0,0
617,2024-12-24 10:25:00+00:00,46.622845458944994,22.2,2.5,22.0,24.0,0
618,2024-12-24 10:26:00+00:00,46.622845458944994,22.19333333333333,2.5,22.0,24.0,0
619,2024-12-24 10:27:00+00:00,53.109338378985,22.19333333333333,2.5,22.0,24.0,0
620,2024-12-24 10:28:00+00:00,53.109338378985,22.19333333333333,2.5,22.0,24.0,0
621,2024-12-24 10:29:00+00:00,53.109338378985,22.186666666666664,2.5,22.0,24.0,0
622,2024-12-24 10:30:00+00:00,53.109338378985,22.180000000000003,3.2,22.0,24.0,0
623,2024-12-24 10:31:00+00:00,59.467401123165,22.186666666666667,3.2,22.0,24.0,0
624,2024-12-24 10:32:00+00:00,59.467401123165,22.19333333333333,3.2,22.0,24.0,0
625,2024-12-24 10:33:00+00:00,59.467401123165,22.2,3.2,22.0,24.0,0
626,2024-12-24 10:34:00+00:00,59.467401123165,22.206666666666667,3.2,22.0,24.0,0
627,2024-12-24 10:35:00+00:00,66.06117553707,22.21333333333333,3.2,22.0,24.0,0
628,2024-12-24 10:36:00+00:00,66.06117553707,22.22,3.2,22.0,24.0,0
629,2024-12-24 10:37:00+00:00,66.06117553707,22.219999999999995,3.2,22.0,24.0,0
630,2024-12-24 10:38:00+00:00,66.06117553707,22.206666666666667,3.2,22.0,24.0,0
631,2024-12-24 10:39:00+00:00,72.566510009805,22.21333333333333,3.2,22.0,24.0,0
632,2024-12-24 10:40:00+00:00,72.566510009805,22.21333333333333,3.2,22.0,24.0,0
633,2024-12-24 10:41:00+00:00,72.566510009805,22.22,3.2,22.0,24.0,0
634,2024-12-24 10:42:00+00:00,72.566510009805,22.22,3.2,22.0,24.0,0
635,2024-12-24 10:43:00+00:00,72.566510009805,22.21333333333333,3.2,22.0,24.0,0
636,2024-12-24 10:44:00+00:00,72.566510009805,22.24,3.2,22.0,24.0,0
637,2024-12-24 10:45:00+00:00,72.566510009805,22.24,3.2,22.0,24.0,0
638,2024-12-24 10:46:00+00:00,72.566510009805,22.24,3.2,22.0,24.0,0
639,2024-12-24 10:47:00+00:00,72.566510009805,22.23333333333333,3.2,22.0,24.0,0
640,2024-12-24 10:48:00+00:00,72.566510009805,22.22,3.2,22.0,24.0,0
641,2024-12-24 10:49:00+00:00,72.566510009805,22.21333333333333,3.2,22.0,24.0,0
642,2024-12-24 10:50:00+00:00,72.566510009805,22.200000000000003,3.2,22.0,24.0,0
643,2024-12-24 10:51:00+00:00,72.566510009805,22.19333333333333,3.2,22.0,24.0,0
644,2024-12-24 10:52:00+00:00,72.566510009805,22.180000000000003,3.2,22.0,24.0,0
645,2024-12-24 10:53:00+00:00,72.566510009805,22.18,3.2,22.0,24.0,0
646,2024-12-24 10:54:00+00:00,72.566510009805,22.166666666666668,3.2,22.0,24.0,0
647,2024-12-24 10:55:00+00:00,66.24997558577999,22.166666666666668,3.2,22.0,24.0,0
648,2024-12-24 10:56:00+00:00,66.24997558577999,22.166666666666668,3.2,22.0,24.0,0
649,2024-12-24 10:57:00+00:00,66.24997558577999,22.15333333333333,3.2,22.0,24.0,0
650,2024-12-24 10:58:00+00:00,66.24997558577999,22.15333333333333,3.2,22.0,24.0,0
651,2024-12-24 10:59:00+00:00,66.24997558577999,22.12,3.2,22.0,24.0,0
652,2024-12-24 11:00:00+00:00,66.24997558577999,22.10666666666667,3.2,22.0,24.0,0
653,2024-12-24 11:01:00+00:00,66.24997558577999,22.09333333333333,3.2,22.0,24.0,0
654,2024-12-24 11:02:00+00:00,66.24997558577999,22.086666666666662,3.2,22.0,24.0,0
655,2024-12-24 11:03:00+00:00,66.24997558577999,22.086666666666662,3.2,22.0,24.0,0
656,2024-12-24 11:04:00+00:00,66.24997558577999,22.08,3.2,22.0,24.0,0
657,2024-12-24 11:05:00+00:00,66.24997558577999,22.08,3.2,22.0,24.0,0
658,2024-12-24 11:06:00+00:00,66.24997558577999,22.08,3.2,22.0,24.0,0
659,2024-12-24 11:07:00+00:00,66.24997558577999,22.086666666666662,3.2,22.0,24.0,0
660,2024-12-24 11:08:00+00:00,66.24997558577999,22.086666666666662,3.2,22.0,24.0,0
661,2024-12-24 11:09:00+00:00,66.24997558577999,22.086666666666662,3.2,22.0,24.0,0
662,2024-12-24 11:10:00+00:00,66.24997558577999,22.08,3.2,22.0,24.0,0
663,2024-12-24 11:11:00+00:00,66.24997558577999,22.07333333333333,3.2,22.0,24.0,0
664,2024-12-24 11:12:00+00:00,66.24997558577999,22.08,3.2,22.0,24.0,0
665,2024-12-24 11:13:00+00:00,66.24997558577999,22.07333333333333,3.2,22.0,24.0,0
666,2024-12-24 11:14:00+00:00,66.24997558577999,22.07333333333333,3.2,22.0,24.0,0
667,2024-12-24 11:15:00+00:00,66.24997558577999,22.07333333333333,3.2,22.0,24.0,0
668,2024-12-24 11:16:00+00:00,66.24997558577999,22.08,3.2,22.0,24.0,0
669,2024-12-24 11:17:00+00:00,66.24997558577999,22.08,3.2,22.0,24.0,0
670,2024-12-24 11:18:00+00:00,66.24997558577999,22.08,3.2,22.0,24.0,0
671,2024-12-24 11:19:00+00:00,66.24997558577999,22.08,3.2,22.0,24.0,0
672,2024-12-24 11:20:00+00:00,66.24997558577999,22.066666666666663,3.2,22.0,24.0,0
673,2024-12-24 11:21:00+00:00,66.24997558577999,22.05333333333333,3.2,22.0,24.0,0
674,2024-12-24 11:22:00+00:00,66.24997558577999,22.040000000000003,3.2,22.0,24.0,0
675,2024-12-24 11:23:00+00:00,66.24997558577999,22.040000000000003,3.2,22.0,24.0,0
676,2024-12-24 11:24:00+00:00,66.24997558577999,22.040000000000003,3.2,22.0,24.0,0
677,2024-12-24 11:25:00+00:00,66.24997558577999,22.046666666666667,3.2,22.0,24.0,0
678,2024-12-24 11:26:00+00:00,66.24997558577999,22.046666666666667,3.2,22.0,24.0,0
679,2024-12-24 11:27:00+00:00,66.24997558577999,22.040000000000003,3.2,22.0,24.0,0
680,2024-12-24 11:28:00+00:00,66.24997558577999,22.04666666666667,3.2,22.0,24.0,0
681,2024-12-24 11:29:00+00:00,66.24997558577999,22.040000000000003,3.2,22.0,24.0,0
682,2024-12-24 11:30:00+00:00,72.55612792952999,22.046666666666667,3.9,22.0,24.0,0
683,2024-12-24 11:31:00+00:00,72.55612792952999,22.040000000000003,3.9,22.0,24.0,0
684,2024-12-24 11:32:00+00:00,72.55612792952999,22.040000000000003,3.9,22.0,24.0,0
685,2024-12-24 11:33:00+00:00,72.55612792952999,22.040000000000003,3.9,22.0,24.0,0
686,2024-12-24 11:34:00+00:00,72.55612792952999,22.03333333333333,3.9,22.0,24.0,0
687,2024-12-24 11:35:00+00:00,72.55612792952999,22.040000000000003,3.9,22.0,24.0,0
688,2024-12-24 11:36:00+00:00,72.55612792952999,22.04666666666667,3.9,22.0,24.0,0
689,2024-12-24 11:37:00+00:00,79.32024536121,22.053333333333335,3.9,22.0,24.0,0
690,2024-12-24 11:38:00+00:00,79.32024536121,22.05333333333333,3.9,22.0,24.0,0
691,2024-12-24 11:39:00+00:00,79.32024536121,22.046666666666667,3.9,22.0,24.0,0
692,2024-12-24 11:40:00+00:00,86.293157958945,22.040000000000003,3.9,22.0,24.0,0
693,2024-12-24 11:41:00+00:00,86.293157958945,22.026666666666664,3.9,22.0,24.0,0
694,2024-12-24 11:42:00+00:00,92.848095703125,22.026666666666664,3.9,22.0,24.0,0
695,2024-12-24 11:43:00+00:00,92.848095703125,22.02,3.9,22.0,24.0,0
696,2024-12-24 11:44:00+00:00,92.848095703125,22.02,3.9,22.0,24.0,0
697,2024-12-24 11:45:00+00:00,92.848095703125,22.013333333333332,3.9,22.0,24.0,0
698,2024-12-24 11:46:00+00:00,99.47532348621,22.02,3.9,22.0,24.0,0
699,2024-12-24 11:47:00+00:00,99.47532348621,22.02,3.9,22.0,24.0,0
700,2024-12-24 11:48:00+00:00,99.47532348621,22.01333333333333,3.9,22.0,24.0,0
701,2024-12-24 11:49:00+00:00,99.47532348621,22.01333333333333,3.9,22.0,24.0,0
702,2024-12-24 11:50:00+00:00,99.47532348621,21.96,3.9,22.0,24.0,0
703,2024-12-24 11:51:00+00:00,99.47532348621,21.95333333333333,3.9,22.0,24.0,0
704,2024-12-24 11:52:00+00:00,99.47532348621,21.95333333333333,3.9,22.0,24.0,0
705,2024-12-24 11:53:00+00:00,93.09342041023501,21.953333333333333,3.9,22.0,24.0,0
706,2024-12-24 11:54:00+00:00,93.09342041023501,21.96,3.9,22.0,24.0,0
707,2024-12-24 11:55:00+00:00,86.78073120129,21.96,3.9,22.0,24.0,0
708,2024-12-24 11:56:00+00:00,86.78073120129,21.973333333333333,3.9,22.0,24.0,0
709,2024-12-24 11:57:00+00:00,86.78073120129,21.973333333333336,3.9,22.0,24.0,0
710,2024-12-24 11:58:00+00:00,86.78073120129,21.973333333333336,3.9,22.0,24.0,0
711,2024-12-24 11:59:00+00:00,86.78073120129,21.973333333333336,3.9,22.0,24.0,0
712,2024-12-24 12:00:00+00:00,86.78073120129,21.973333333333336,3.9,22.0,24.0,0
713,2024-12-24 12:01:00+00:00,86.78073120129,21.966666666666665,3.9,22.0,24.0,0
714,2024-12-24 12:02:00+00:00,86.78073120129,21.973333333333336,3.9,22.0,24.0,0
715,2024-12-24 12:03:00+00:00,86.78073120129,21.973333333333336,3.9,22.0,24.0,0
716,2024-12-24 12:04:00+00:00,86.78073120129,21.973333333333336,3.9,22.0,24.0,0
717,2024-12-24 12:05:00+00:00,86.78073120129,22.026666666666667,3.9,22.0,24.0,0
718,2024-12-24 12:06:00+00:00,86.78073120129,22.026666666666667,3.9,22.0,24.0,0
719,2024-12-24 12:07:00+00:00,86.78073120129,22.02,3.9,22.0,24.0,0
720,2024-12-24 12:08:00+00:00,86.78073120129,22.01333333333333,3.9,22.0,24.0,0
721,2024-12-24 12:09:00+00:00,86.78073120129,22.006666666666664,3.9,22.0,24.0,0
722,2024-12-24 12:10:00+00:00,86.78073120129,22.006666666666664,3.9,22.0,24.0,0
723,2024-12-24 12:11:00+00:00,86.78073120129,21.993333333333336,3.9,22.0,24.0,0
724,2024-12-24 12:12:00+00:00,86.78073120129,21.986666666666668,3.9,22.0,24.0,0
725,2024-12-24 12:13:00+00:00,86.78073120129,21.993333333333336,3.9,22.0,24.0,0
726,2024-12-24 12:14:00+00:00,80.423822021445,21.993333333333336,3.9,22.0,24.0,0
727,2024-12-24 12:15:00+00:00,80.423822021445,21.986666666666668,3.9,22.0,24.0,0
728,2024-12-24 12:16:00+00:00,80.423822021445,21.986666666666668,3.9,22.0,24.0,0
729,2024-12-24 12:17:00+00:00,73.63894042953,21.98,3.9,22.0,24.0,0
730,2024-12-24 12:18:00+00:00,73.63894042953,21.98,3.9,22.0,24.0,0
731,2024-12-24 12:19:00+00:00,67.08054199202999,21.98,3.9,22.0,24.0,0
732,2024-12-24 12:20:00+00:00,67.08054199202999,21.98,3.9,22.0,24.0,0
733,2024-12-24 12:21:00+00:00,67.08054199202999,21.973333333333333,3.9,22.0,24.0,0
734,2024-12-24 12:22:00+00:00,60.55944213879,21.98,3.9,22.0,24.0,0
735,2024-12-24 12:23:00+00:00,60.55944213879,21.973333333333336,3.9,22.0,24.0,0
736,2024-12-24 12:24:00+00:00,60.55944213879,21.973333333333336,3.9,22.0,24.0,0
737,2024-12-24 12:25:00+00:00,60.55944213879,21.973333333333336,3.9,22.0,24.0,0
738,2024-12-24 12:26:00+00:00,60.55944213879,21.98,3.9,22.0,24.0,0
739,2024-12-24 12:27:00+00:00,60.55944213879,21.98,3.9,22.0,24.0,0
740,2024-12-24 12:28:00+00:00,60.55944213879,21.96666666666666,3.9,22.0,24.0,0
741,2024-12-24 12:29:00+00:00,67.75037841789,21.96,3.9,22.0,24.0,0
742,2024-12-24 12:30:00+00:00,74.37645263664,21.96,4.3,22.0,24.0,0
743,2024-12-24 12:31:00+00:00,74.37645263664,21.96,4.3,22.0,24.0,0
744,2024-12-24 12:32:00+00:00,74.37645263664,21.953333333333333,4.3,22.0,24.0,0
745,2024-12-24 12:33:00+00:00,74.37645263664,21.946666666666665,4.3,22.0,24.0,0
746,2024-12-24 12:34:00+00:00,74.37645263664,21.94,4.3,22.0,24.0,0
747,2024-12-24 12:35:00+00:00,74.37645263664,21.94,4.3,22.0,24.0,0
748,2024-12-24 12:36:00+00:00,74.37645263664,21.94,4.3,22.0,24.0,0
749,2024-12-24 12:37:00+00:00,74.37645263664,21.926666666666662,4.3,22.0,24.0,0
750,2024-12-24 12:38:00+00:00,74.37645263664,21.92,4.3,22.0,24.0,0
751,2024-12-24 12:39:00+00:00,74.37645263664,21.92,4.3,22.0,24.0,0
752,2024-12-24 12:40:00+00:00,74.37645263664,21.91333333333333,4.3,22.0,24.0,0
753,2024-12-24 12:41:00+00:00,74.37645263664,21.906666666666663,4.3,22.0,24.0,0
754,2024-12-24 12:42:00+00:00,74.37645263664,21.906666666666663,4.3,22.0,24.0,0
755,2024-12-24 12:43:00+00:00,74.37645263664,21.9,4.3,22.0,24.0,0
756,2024-12-24 12:44:00+00:00,80.85602417004,21.906666666666663,4.3,22.0,24.0,0
757,2024-12-24 12:45:00+00:00,80.85602417004,21.90666666666667,4.3,22.0,24.0,0
758,2024-12-24 12:46:00+00:00,80.85602417004,21.9,4.3,22.0,24.0,0
759,2024-12-24 12:47:00+00:00,80.85602417004,21.906666666666663,4.3,22.0,24.0,0
760,2024-12-24 12:48:00+00:00,80.85602417004,21.906666666666663,4.3,22.0,24.0,0
761,2024-12-24 12:49:00+00:00,80.85602417004,21.92,4.3,22.0,24.0,0
762,2024-12-24 12:50:00+00:00,87.41634521476499,21.92666666666667,4.3,22.0,24.0,0
763,2024-12-24 12:51:00+00:00,87.41634521476499,21.946666666666665,4.3,22.0,24.0,0
764,2024-12-24 12:52:00+00:00,94.123553466915,21.96666666666666,4.3,22.0,24.0,0
765,2024-12-24 12:53:00+00:00,94.123553466915,22.0,4.3,22.0,24.0,0
766,2024-12-24 12:54:00+00:00,100.56236572273501,22.026666666666667,4.3,22.0,24.0,0
767,2024-12-24 12:55:00+00:00,107.081158447305,22.06,4.3,22.0,24.0,0
768,2024-12-24 12:56:00+00:00,107.081158447305,22.1,4.3,22.0,24.0,0
769,2024-12-24 12:57:00+00:00,114.13020629871001,22.14,4.3,22.0,24.0,0
770,2024-12-24 12:58:00+00:00,114.13020629871001,22.19333333333333,4.3,22.0,24.0,0
771,2024-12-24 12:59:00+00:00,114.13020629871001,22.23333333333333,4.3,22.0,24.0,0
772,2024-12-24 13:00:00+00:00,114.13020629871001,22.293333333333333,4.3,22.0,24.0,0
773,2024-12-24 13:01:00+00:00,107.628717041055,22.35333333333333,4.3,22.0,24.0,0
774,2024-12-24 13:02:00+00:00,107.628717041055,22.39333333333333,4.3,22.0,24.0,0
775,2024-12-24 13:03:00+00:00,99.49916381832,22.44666666666667,4.3,22.0,24.0,0
776,2024-12-24 13:04:00+00:00,93.17647705086,22.486666666666668,4.3,22.0,24.0,0
777,2024-12-24 13:05:00+00:00,86.11012573254,22.53333333333333,4.3,22.0,24.0,0
778,2024-12-24 13:06:00+00:00,86.11012573254,22.566666666666663,4.3,22.0,24.0,0
779,2024-12-24 13:07:00+00:00,79.71745605453,22.60666666666667,4.3,22.0,24.0,0
780,2024-12-24 13:08:00+00:00,73.00601806648501,22.64,4.3,22.0,24.0,0
781,2024-12-24 13:09:00+00:00,73.00601806648501,22.666666666666668,4.3,22.0,24.0,0
782,2024-12-24 13:10:00+00:00,73.00601806648501,22.7,4.3,22.0,24.0,0
783,2024-12-24 13:11:00+00:00,73.00601806648501,22.72,4.3,22.0,24.0,0
784,2024-12-24 13:12:00+00:00,73.00601806648501,22.74,4.3,22.0,24.0,0
785,2024-12-24 13:13:00+00:00,73.00601806648501,22.766666666666666,4.3,22.0,24.0,0
786,2024-12-24 13:14:00+00:00,66.692559814335,22.78666666666667,4.3,22.0,24.0,0
787,2024-12-24 13:15:00+00:00,66.692559814335,22.793333333333333,4.3,22.0,24.0,0
788,2024-12-24 13:16:00+00:00,66.692559814335,22.78666666666667,4.3,22.0,24.0,0
789,2024-12-24 13:17:00+00:00,66.692559814335,22.8,4.3,22.0,24.0,0
790,2024-12-24 13:18:00+00:00,66.692559814335,22.793333333333333,4.3,22.0,24.0,0
791,2024-12-24 13:19:00+00:00,60.30873413082001,22.806666666666665,4.3,22.0,24.0,0
792,2024-12-24 13:20:00+00:00,60.30873413082001,22.806666666666665,4.3,22.0,24.0,0
793,2024-12-24 13:21:00+00:00,53.460791015625,22.813333333333333,4.3,22.0,24.0,0
794,2024-12-24 13:22:00+00:00,53.460791015625,22.82,4.3,22.0,24.0,0
795,2024-12-24 13:23:00+00:00,53.460791015625,22.813333333333333,4.3,22.0,24.0,0
796,2024-12-24 13:24:00+00:00,46.6962890625,22.8,4.3,22.0,24.0,0
797,2024-12-24 13:25:00+00:00,46.6962890625,22.78666666666667,4.3,22.0,24.0,0
798,2024-12-24 13:26:00+00:00,46.6962890625,22.773333333333333,4.3,22.0,24.0,0
799,2024-12-24 13:27:00+00:00,40.38552246078,22.76,4.3,22.0,24.0,0
800,2024-12-24 13:28:00+00:00,40.38552246078,22.74,4.3,22.0,24.0,0
801,2024-12-24 13:29:00+00:00,40.38552246078,22.72,4.3,22.0,24.0,0
802,2024-12-24 13:30:00+00:00,40.38552246078,22.700000000000003,4.7,22.0,24.0,0
803,2024-12-24 13:31:00+00:00,40.38552246078,22.69333333333333,4.7,22.0,24.0,0
804,2024-12-24 13:32:00+00:00,34.043225097735004,22.686666666666667,4.7,22.0,24.0,0
805,2024-12-24 13:33:00+00:00,34.043225097735004,22.69333333333333,4.7,22.0,24.0,0
806,2024-12-24 13:34:00+00:00,34.043225097735004,22.680000000000003,4.7,22.0,24.0,0
807,2024-12-24 13:35:00+00:00,34.043225097735004,22.666666666666668,4.7,22.0,24.0,0
808,2024-12-24 13:36:00+00:00,34.043225097735004,22.65333333333333,4.7,22.0,24.0,0
809,2024-12-24 13:37:00+00:00,34.043225097735004,22.633333333333333,4.7,22.0,24.0,0
810,2024-12-24 13:38:00+00:00,34.043225097735004,22.62,4.7,22.0,24.0,0
811,2024-12-24 13:39:00+00:00,34.043225097735004,22.626666666666665,4.7,22.0,24.0,0
812,2024-12-24 13:40:00+00:00,34.043225097735004,22.62,4.7,22.0,24.0,0
813,2024-12-24 13:41:00+00:00,34.043225097735004,22.62666666666667,4.7,22.0,24.0,0
814,2024-12-24 13:42:00+00:00,34.043225097735004,22.62,4.7,22.0,24.0,0
815,2024-12-24 13:43:00+00:00,34.043225097735004,22.6,4.7,22.0,24.0,0
816,2024-12-24 13:44:00+00:00,34.043225097735004,22.59333333333333,4.7,22.0,24.0,0
817,2024-12-24 13:45:00+00:00,34.043225097735004,22.58,4.7,22.0,24.0,0
818,2024-12-24 13:46:00+00:00,34.043225097735004,22.58,4.7,22.0,24.0,0
819,2024-12-24 13:47:00+00:00,34.043225097735004,22.56,4.7,22.0,24.0,0
820,2024-12-24 13:48:00+00:00,34.043225097735004,22.54,4.7,22.0,24.0,0
821,2024-12-24 13:49:00+00:00,34.043225097735004,22.52,4.7,22.0,24.0,0
822,2024-12-24 13:50:00+00:00,34.043225097735004,22.506666666666668,4.7,22.0,24.0,0
823,2024-12-24 13:51:00+00:00,34.043225097735004,22.49333333333333,4.7,22.0,24.0,0
824,2024-12-24 13:52:00+00:00,34.043225097735004,22.49333333333333,4.7,22.0,24.0,0
825,2024-12-24 13:53:00+00:00,27.581341552695,22.49333333333333,4.7,22.0,24.0,0
826,2024-12-24 13:54:00+00:00,27.581341552695,22.48,4.7,22.0,24.0,0
827,2024-12-24 13:55:00+00:00,27.581341552695,22.473333333333333,4.7,22.0,24.0,0
828,2024-12-24 13:56:00+00:00,27.581341552695,22.46,4.7,22.0,24.0,0
829,2024-12-24 13:57:00+00:00,27.581341552695,22.44,4.7,22.0,24.0,0
830,2024-12-24 13:58:00+00:00,27.581341552695,22.42666666666667,4.7,22.0,24.0,0
831,2024-12-24 13:59:00+00:00,27.581341552695,22.41333333333333,4.7,22.0,24.0,0
832,2024-12-24 14:00:00+00:00,27.581341552695,22.406666666666663,4.7,22.0,24.0,0
833,2024-12-24 14:01:00+00:00,27.581341552695,22.386666666666667,4.7,22.0,24.0,0
834,2024-12-24 14:02:00+00:00,27.581341552695,22.386666666666663,4.7,22.0,24.0,0
835,2024-12-24 14:03:00+00:00,27.581341552695,22.386666666666667,4.7,22.0,24.0,0
836,2024-12-24 14:04:00+00:00,21.21674194332,22.386666666666663,4.7,22.0,24.0,0
837,2024-12-24 14:05:00+00:00,21.21674194332,22.386666666666667,4.7,22.0,24.0,0
838,2024-12-24 14:06:00+00:00,21.21674194332,22.38,4.7,22.0,24.0,0
839,2024-12-24 14:07:00+00:00,21.21674194332,22.366666666666667,4.7,22.0,24.0,0
840,2024-12-24 14:08:00+00:00,21.21674194332,22.35333333333333,4.7,22.0,24.0,0
841,2024-12-24 14:09:00+00:00,21.21674194332,22.33333333333333,4.7,22.0,24.0,0
842,2024-12-24 14:10:00+00:00,21.21674194332,22.32,4.7,22.0,24.0,0
843,2024-12-24 14:11:00+00:00,21.21674194332,22.30666666666667,4.7,22.0,24.0,0
844,2024-12-24 14:12:00+00:00,21.21674194332,22.30666666666667,4.7,22.0,24.0,0
845,2024-12-24 14:14:00+00:00,21.21674194332,22.306666666666665,4.7,22.0,24.0,0
846,2024-12-24 14:15:00+00:00,21.21674194332,22.3,4.7,22.0,24.0,0
847,2024-12-24 14:16:00+00:00,21.21674194332,22.3,4.7,22.0,24.0,0
848,2024-12-24 14:17:00+00:00,21.21674194332,22.293333333333333,4.7,22.0,24.0,0
849,2024-12-24 14:18:00+00:00,21.21674194332,22.280000000000005,4.7,22.0,24.0,0
850,2024-12-24 14:19:00+00:00,21.21674194332,22.28,4.7,22.0,24.0,0
851,2024-12-24 14:20:00+00:00,21.21674194332,22.26,4.7,22.0,24.0,0
852,2024-12-24 14:21:00+00:00,21.21674194332,22.246666666666663,4.7,22.0,24.0,0
853,2024-12-24 14:22:00+00:00,14.914434814335001,22.24,4.7,22.0,24.0,0
854,2024-12-24 14:23:00+00:00,14.914434814335001,22.24,4.7,22.0,24.0,0
855,2024-12-24 14:24:00+00:00,14.914434814335001,22.24,4.7,22.0,24.0,0
856,2024-12-24 14:25:00+00:00,14.914434814335001,22.23333333333333,4.7,22.0,24.0,0
857,2024-12-24 14:26:00+00:00,14.914434814335001,22.23333333333333,4.7,22.0,24.0,0
858,2024-12-24 14:27:00+00:00,14.914434814335001,22.23333333333333,4.7,22.0,24.0,0
859,2024-12-24 14:28:00+00:00,14.914434814335001,22.226666666666667,4.7,22.0,24.0,0
860,2024-12-24 14:29:00+00:00,14.914434814335001,22.22666666666667,4.7,22.0,24.0,0
861,2024-12-24 14:30:00+00:00,14.914434814335001,22.22,5.0,22.0,24.0,0
862,2024-12-24 14:31:00+00:00,14.914434814335001,22.22,5.0,22.0,24.0,0
863,2024-12-24 14:32:00+00:00,14.914434814335001,22.21333333333333,5.0,22.0,24.0,0
864,2024-12-24 14:33:00+00:00,14.914434814335001,22.206666666666663,5.0,22.0,24.0,0
865,2024-12-24 14:34:00+00:00,14.914434814335001,22.19333333333333,5.0,22.0,24.0,0
866,2024-12-24 14:35:00+00:00,14.914434814335001,22.206666666666663,5.0,22.0,24.0,0
867,2024-12-24 14:36:00+00:00,14.914434814335001,22.21333333333333,5.0,22.0,24.0,0
868,2024-12-24 14:37:00+00:00,14.914434814335001,22.21333333333333,5.0,22.0,24.0,0
869,2024-12-24 14:38:00+00:00,14.914434814335001,22.206666666666667,5.0,22.0,24.0,0
870,2024-12-24 14:39:00+00:00,14.914434814335001,22.2,5.0,22.0,24.0,0
871,2024-12-24 14:40:00+00:00,14.914434814335001,22.2,5.0,22.0,24.0,0
872,2024-12-24 14:41:00+00:00,14.914434814335001,22.19333333333333,5.0,22.0,24.0,0
873,2024-12-24 14:42:00+00:00,14.914434814335001,22.186666666666667,5.0,22.0,24.0,0
874,2024-12-24 14:43:00+00:00,14.914434814335001,22.186666666666667,5.0,22.0,24.0,0
875,2024-12-24 14:44:00+00:00,14.914434814335001,22.186666666666664,5.0,22.0,24.0,0
876,2024-12-24 14:45:00+00:00,14.914434814335001,22.180000000000003,5.0,22.0,24.0,0
877,2024-12-24 14:46:00+00:00,14.914434814335001,22.173333333333336,5.0,22.0,24.0,0
878,2024-12-24 14:47:00+00:00,14.914434814335001,22.17333333333333,5.0,22.0,24.0,0
879,2024-12-24 14:48:00+00:00,14.914434814335001,22.180000000000003,5.0,22.0,24.0,0
880,2024-12-24 14:49:00+00:00,14.914434814335001,22.17333333333333,5.0,22.0,24.0,0
881,2024-12-24 14:50:00+00:00,14.914434814335001,22.160000000000004,5.0,22.0,24.0,0
882,2024-12-24 14:51:00+00:00,14.914434814335001,22.14,5.0,22.0,24.0,0
883,2024-12-24 14:52:00+00:00,14.914434814335001,22.12,5.0,22.0,24.0,0
884,2024-12-24 14:53:00+00:00,14.914434814335001,22.113333333333337,5.0,22.0,24.0,0
885,2024-12-24 14:54:00+00:00,14.914434814335001,22.113333333333333,5.0,22.0,24.0,0
886,2024-12-24 14:55:00+00:00,14.914434814335001,22.113333333333337,5.0,22.0,24.0,0
887,2024-12-24 14:56:00+00:00,14.914434814335001,22.106666666666666,5.0,22.0,24.0,0
888,2024-12-24 14:57:00+00:00,14.914434814335001,22.1,5.0,22.0,24.0,0
889,2024-12-24 14:58:00+00:00,14.914434814335001,22.1,5.0,22.0,24.0,0
890,2024-12-24 14:59:00+00:00,14.914434814335001,22.1,5.0,22.0,24.0,0
891,2024-12-24 15:00:00+00:00,14.914434814335001,22.106666666666666,5.0,22.0,24.0,0
892,2024-12-24 15:01:00+00:00,14.914434814335001,22.1,5.0,22.0,24.0,0
893,2024-12-24 15:02:00+00:00,14.914434814335001,22.1,5.0,22.0,24.0,0
894,2024-12-24 15:03:00+00:00,14.914434814335001,22.09333333333333,5.0,22.0,24.0,0
895,2024-12-24 15:04:00+00:00,14.914434814335001,22.093333333333337,5.0,22.0,24.0,0
896,2024-12-24 15:05:00+00:00,14.914434814335001,22.1,5.0,22.0,24.0,0
897,2024-12-24 15:06:00+00:00,14.914434814335001,22.10666666666667,5.0,22.0,24.0,0
898,2024-12-24 15:07:00+00:00,14.914434814335001,22.12666666666667,5.0,22.0,24.0,0
899,2024-12-24 15:08:00+00:00,14.914434814335001,22.126666666666665,5.0,22.0,24.0,0
900,2024-12-24 15:09:00+00:00,14.914434814335001,22.133333333333333,5.0,22.0,24.0,0
901,2024-12-24 15:10:00+00:00,14.914434814335001,22.146666666666665,5.0,22.0,24.0,0
902,2024-12-24 15:11:00+00:00,14.914434814335001,22.14,5.0,22.0,24.0,0
903,2024-12-24 15:12:00+00:00,14.914434814335001,22.133333333333333,5.0,22.0,24.0,0
904,2024-12-24 15:13:00+00:00,14.914434814335001,22.12666666666667,5.0,22.0,24.0,0
905,2024-12-24 15:14:00+00:00,14.914434814335001,22.12,5.0,22.0,24.0,0
906,2024-12-24 15:15:00+00:00,14.914434814335001,22.12,5.0,22.0,24.0,0
907,2024-12-24 15:16:00+00:00,14.914434814335001,22.126666666666665,5.0,22.0,24.0,0
908,2024-12-24 15:17:00+00:00,14.914434814335001,22.133333333333333,5.0,22.0,24.0,0
909,2024-12-24 15:18:00+00:00,8.58674926746,22.12,5.0,22.0,24.0,0
910,2024-12-24 15:19:00+00:00,8.58674926746,22.106666666666666,5.0,22.0,24.0,0
911,2024-12-24 15:20:00+00:00,8.58674926746,22.09333333333333,5.0,22.0,24.0,0
912,2024-12-24 15:21:00+00:00,8.58674926746,22.09333333333333,5.0,22.0,24.0,0
913,2024-12-24 15:22:00+00:00,8.58674926746,22.086666666666662,5.0,22.0,24.0,0
914,2024-12-24 15:23:00+00:00,8.58674926746,22.093333333333337,5.0,22.0,24.0,0
915,2024-12-24 15:24:00+00:00,8.58674926746,22.086666666666662,5.0,22.0,24.0,0
916,2024-12-24 15:25:00+00:00,8.58674926746,22.07333333333333,5.0,22.0,24.0,0
917,2024-12-24 15:26:00+00:00,8.58674926746,22.086666666666662,5.0,22.0,24.0,0
918,2024-12-24 15:27:00+00:00,8.58674926746,22.09333333333333,5.0,22.0,24.0,0
919,2024-12-24 15:28:00+00:00,8.58674926746,22.10666666666667,5.0,22.0,24.0,0
920,2024-12-24 15:29:00+00:00,8.58674926746,22.113333333333333,5.0,22.0,24.0,0
921,2024-12-24 15:30:00+00:00,8.58674926746,22.10666666666667,5.1,22.0,24.0,0
922,2024-12-24 15:31:00+00:00,8.58674926746,22.1,5.1,22.0,24.0,0
923,2024-12-24 15:32:00+00:00,8.58674926746,22.09333333333333,5.1,22.0,24.0,0
924,2024-12-24 15:33:00+00:00,8.58674926746,22.10666666666667,5.1,22.0,24.0,0
925,2024-12-24 15:34:00+00:00,8.58674926746,22.12,5.1,22.0,24.0,0
926,2024-12-24 15:35:00+00:00,8.58674926746,22.12666666666667,5.1,22.0,24.0,0
927,2024-12-24 15:36:00+00:00,8.58674926746,22.12666666666667,5.1,22.0,24.0,0
928,2024-12-24 15:37:00+00:00,8.58674926746,22.126666666666665,5.1,22.0,24.0,0
929,2024-12-24 15:38:00+00:00,8.58674926746,22.12,5.1,22.0,24.0,0
930,2024-12-24 15:39:00+00:00,8.58674926746,22.113333333333333,5.1,22.0,24.0,0
931,2024-12-24 15:40:00+00:00,8.58674926746,22.113333333333333,5.1,22.0,24.0,0
932,2024-12-24 15:41:00+00:00,8.58674926746,22.113333333333333,5.1,22.0,24.0,0
933,2024-12-24 15:42:00+00:00,8.58674926746,22.113333333333337,5.1,22.0,24.0,0
934,2024-12-24 15:43:00+00:00,8.58674926746,22.113333333333333,5.1,22.0,24.0,0
935,2024-12-24 15:44:00+00:00,8.58674926746,22.1,5.1,22.0,24.0,0
936,2024-12-24 15:45:00+00:00,8.58674926746,22.10666666666667,5.1,22.0,24.0,0
937,2024-12-24 15:46:00+00:00,8.58674926746,22.10666666666667,5.1,22.0,24.0,0
938,2024-12-24 15:47:00+00:00,8.58674926746,22.10666666666667,5.1,22.0,24.0,0
939,2024-12-24 15:48:00+00:00,8.58674926746,22.10666666666667,5.1,22.0,24.0,0
940,2024-12-24 15:49:00+00:00,8.58674926746,22.10666666666667,5.1,22.0,24.0,0
941,2024-12-24 15:50:00+00:00,8.58674926746,22.10666666666667,5.1,22.0,24.0,0
942,2024-12-24 15:51:00+00:00,8.58674926746,22.106666666666666,5.1,22.0,24.0,0
943,2024-12-24 15:52:00+00:00,8.58674926746,22.10666666666667,5.1,22.0,24.0,0
944,2024-12-24 15:53:00+00:00,8.58674926746,22.10666666666667,5.1,22.0,24.0,0
945,2024-12-24 15:54:00+00:00,8.58674926746,22.10666666666667,5.1,22.0,24.0,0
946,2024-12-24 15:55:00+00:00,8.58674926746,22.10666666666667,5.1,22.0,24.0,0
947,2024-12-24 15:56:00+00:00,8.58674926746,22.100000000000005,5.1,22.0,24.0,0
948,2024-12-24 15:58:00+00:00,8.58674926746,22.093333333333337,5.1,22.0,24.0,0
949,2024-12-24 15:59:00+00:00,8.58674926746,22.08,5.1,22.0,24.0,0
950,2024-12-24 16:00:00+00:00,8.58674926746,22.08,5.1,22.0,24.0,0
951,2024-12-24 16:01:00+00:00,8.58674926746,22.08,5.1,21.0,25.0,0
952,2024-12-24 16:02:00+00:00,8.58674926746,22.08,5.1,21.0,25.0,0
953,2024-12-24 16:03:00+00:00,8.58674926746,22.086666666666662,5.1,21.0,25.0,0
954,2024-12-24 16:04:00+00:00,8.58674926746,22.086666666666662,5.1,21.0,25.0,0
955,2024-12-24 16:05:00+00:00,8.58674926746,22.08,5.1,21.0,25.0,0
956,2024-12-24 16:06:00+00:00,8.58674926746,22.08,5.1,21.0,25.0,0
957,2024-12-24 16:07:00+00:00,8.58674926746,22.07333333333333,5.1,21.0,25.0,0
958,2024-12-24 16:08:00+00:00,8.58674926746,22.07333333333333,5.1,21.0,25.0,0
959,2024-12-24 16:09:00+00:00,8.58674926746,22.066666666666663,5.1,21.0,25.0,0
960,2024-12-24 16:10:00+00:00,8.58674926746,22.06,5.1,21.0,25.0,0
961,2024-12-24 16:11:00+00:00,8.58674926746,22.06,5.1,21.0,25.0,0
962,2024-12-24 16:12:00+00:00,8.58674926746,22.05333333333333,5.1,21.0,25.0,0
963,2024-12-24 16:13:00+00:00,8.58674926746,22.06,5.1,21.0,25.0,0
964,2024-12-24 16:14:00+00:00,8.58674926746,22.06,5.1,21.0,25.0,0
965,2024-12-24 16:15:00+00:00,8.58674926746,22.066666666666663,5.1,21.0,25.0,0
966,2024-12-24 16:16:00+00:00,8.58674926746,22.066666666666663,5.1,21.0,25.0,0
967,2024-12-24 16:17:00+00:00,8.58674926746,22.06,5.1,21.0,25.0,0
968,2024-12-24 16:18:00+00:00,8.58674926746,22.05333333333333,5.1,21.0,25.0,0
969,2024-12-24 16:19:00+00:00,8.58674926746,22.05333333333333,5.1,21.0,25.0,0
970,2024-12-24 16:20:00+00:00,8.58674926746,22.05333333333333,5.1,21.0,25.0,0
971,2024-12-24 16:21:00+00:00,8.58674926746,22.04666666666667,5.1,21.0,25.0,0
972,2024-12-24 16:22:00+00:00,8.58674926746,22.04666666666667,5.1,21.0,25.0,0
973,2024-12-24 16:23:00+00:00,8.58674926746,22.040000000000003,5.1,21.0,25.0,0
974,2024-12-24 16:25:00+00:00,8.58674926746,22.046666666666667,5.1,21.0,25.0,0
975,2024-12-24 16:26:00+00:00,8.58674926746,22.046666666666667,5.1,21.0,25.0,0
976,2024-12-24 16:27:00+00:00,8.58674926746,22.04666666666667,5.1,21.0,25.0,0
977,2024-12-24 16:28:00+00:00,8.58674926746,22.04666666666667,5.1,21.0,25.0,0
978,2024-12-24 16:29:00+00:00,8.58674926746,22.04666666666667,5.1,21.0,25.0,0
979,2024-12-24 16:30:00+00:00,8.58674926746,22.040000000000003,5.3,21.0,25.0,0
980,2024-12-24 16:31:00+00:00,8.58674926746,22.03333333333333,5.3,21.0,25.0,0
981,2024-12-24 16:32:00+00:00,8.58674926746,22.026666666666667,5.3,21.0,25.0,0
982,2024-12-24 16:33:00+00:00,8.58674926746,22.026666666666667,5.3,21.0,25.0,0
983,2024-12-24 16:34:00+00:00,8.58674926746,22.026666666666664,5.3,21.0,25.0,0
984,2024-12-24 16:35:00+00:00,8.58674926746,22.026666666666664,5.3,21.0,25.0,0
985,2024-12-24 16:36:00+00:00,8.58674926746,22.03333333333333,5.3,21.0,25.0,0
986,2024-12-24 16:37:00+00:00,8.58674926746,22.046666666666667,5.3,21.0,25.0,0
987,2024-12-24 16:38:00+00:00,8.58674926746,22.04,5.3,21.0,25.0,0
988,2024-12-24 16:39:00+00:00,8.58674926746,22.04,5.3,21.0,25.0,0
989,2024-12-24 16:40:00+00:00,8.58674926746,22.03333333333333,5.3,21.0,25.0,0
990,2024-12-24 16:41:00+00:00,8.58674926746,22.03333333333333,5.3,21.0,25.0,0
991,2024-12-24 16:42:00+00:00,8.58674926746,22.026666666666664,5.3,21.0,25.0,0
992,2024-12-24 16:43:00+00:00,8.58674926746,22.026666666666664,5.3,21.0,25.0,0
993,2024-12-24 16:44:00+00:00,8.58674926746,22.02,5.3,21.0,25.0,0
994,2024-12-24 16:45:00+00:00,8.58674926746,22.02,5.3,21.0,25.0,0
995,2024-12-24 16:46:00+00:00,8.58674926746,22.02,5.3,21.0,25.0,0
996,2024-12-24 16:47:00+00:00,8.58674926746,22.02,5.3,21.0,25.0,0
997,2024-12-24 16:48:00+00:00,8.58674926746,22.01333333333333,5.3,21.0,25.0,0
998,2024-12-24 16:49:00+00:00,8.58674926746,22.006666666666668,5.3,21.0,25.0,0
999,2024-12-24 16:50:00+00:00,8.58674926746,22.006666666666668,5.3,21.0,25.0,0
1000,2024-12-24 16:51:00+00:00,8.58674926746,22.0,5.3,21.0,25.0,0
1001,2024-12-24 16:52:00+00:00,8.58674926746,21.986666666666668,5.3,21.0,25.0,0
1002,2024-12-24 16:53:00+00:00,8.58674926746,21.993333333333336,5.3,21.0,25.0,0
1003,2024-12-24 16:54:00+00:00,8.58674926746,21.993333333333336,5.3,21.0,25.0,0
1004,2024-12-24 16:55:00+00:00,8.58674926746,21.980000000000004,5.3,21.0,25.0,0
1005,2024-12-24 16:56:00+00:00,8.58674926746,21.980000000000004,5.3,21.0,25.0,0
1006,2024-12-24 16:57:00+00:00,8.58674926746,22.12,5.3,21.0,25.0,0
1007,2024-12-24 16:58:00+00:00,8.58674926746,22.113333333333337,5.3,21.0,25.0,0
1008,2024-12-24 16:59:00+00:00,8.58674926746,22.10666666666667,5.3,21.0,25.0,0
1009,2024-12-24 17:00:00+00:00,8.58674926746,22.106666666666666,5.3,21.0,25.0,0
1010,2024-12-24 17:01:00+00:00,8.58674926746,22.106666666666666,5.3,21.0,25.0,0
1011,2024-12-24 17:02:00+00:00,8.58674926746,22.1,5.3,21.0,25.0,0
1012,2024-12-24 17:03:00+00:00,8.58674926746,22.1,5.3,21.0,25.0,0
1013,2024-12-24 17:04:00+00:00,8.58674926746,22.09333333333333,5.3,21.0,25.0,0
1014,2024-12-24 17:05:00+00:00,8.58674926746,22.08,5.3,21.0,25.0,0
1015,2024-12-24 17:06:00+00:00,8.58674926746,22.07333333333333,5.3,21.0,25.0,0
1016,2024-12-24 17:07:00+00:00,8.58674926746,22.066666666666663,5.3,21.0,25.0,0
1017,2024-12-24 17:08:00+00:00,8.58674926746,22.066666666666663,5.3,21.0,25.0,0
1018,2024-12-24 17:09:00+00:00,8.58674926746,22.06,5.3,21.0,25.0,0
1019,2024-12-24 17:10:00+00:00,8.58674926746,22.07333333333333,5.3,21.0,25.0,0
1020,2024-12-24 17:11:00+00:00,8.58674926746,22.07333333333333,5.3,21.0,25.0,0
1021,2024-12-24 17:12:00+00:00,8.58674926746,21.933333333333334,5.3,21.0,25.0,0
1022,2024-12-24 17:13:00+00:00,8.58674926746,21.94,5.3,21.0,25.0,0
1023,2024-12-24 17:14:00+00:00,8.58674926746,21.946666666666665,5.3,21.0,25.0,0
1024,2024-12-24 17:15:00+00:00,8.58674926746,21.946666666666665,5.3,21.0,25.0,0
1025,2024-12-24 17:16:00+00:00,8.58674926746,21.94,5.3,21.0,25.0,0
1026,2024-12-24 17:17:00+00:00,8.58674926746,21.94,5.3,21.0,25.0,0
1027,2024-12-24 17:18:00+00:00,8.58674926746,21.94,5.3,21.0,25.0,0
1028,2024-12-24 17:19:00+00:00,8.58674926746,21.946666666666665,5.3,21.0,25.0,0
1029,2024-12-24 17:20:00+00:00,8.58674926746,21.94,5.3,21.0,25.0,0
1030,2024-12-24 17:21:00+00:00,8.58674926746,21.933333333333334,5.3,21.0,25.0,0
1031,2024-12-24 17:22:00+00:00,8.58674926746,21.92,5.3,21.0,25.0,0
1032,2024-12-24 17:23:00+00:00,8.58674926746,21.92,5.3,21.0,25.0,0
1033,2024-12-24 17:24:00+00:00,8.58674926746,21.92,5.3,21.0,25.0,0
1034,2024-12-24 17:25:00+00:00,8.58674926746,21.91333333333333,5.3,21.0,25.0,0
1035,2024-12-24 17:26:00+00:00,8.58674926746,21.91333333333333,5.3,21.0,25.0,0
1036,2024-12-24 17:27:00+00:00,8.58674926746,21.906666666666663,5.3,21.0,25.0,0
1037,2024-12-24 17:28:00+00:00,8.58674926746,21.9,5.3,21.0,25.0,0
1038,2024-12-24 17:29:00+00:00,8.58674926746,21.89333333333333,5.3,21.0,25.0,0
1039,2024-12-24 17:30:00+00:00,8.58674926746,21.89333333333333,5.6,21.0,25.0,0
1040,2024-12-24 17:31:00+00:00,8.58674926746,21.89333333333333,5.6,21.0,25.0,0
1041,2024-12-24 17:32:00+00:00,8.58674926746,21.9,5.6,21.0,25.0,0
1042,2024-12-24 17:33:00+00:00,8.58674926746,21.9,5.6,21.0,25.0,0
1043,2024-12-24 17:34:00+00:00,8.58674926746,21.886666666666667,5.6,21.0,25.0,0
1044,2024-12-24 17:35:00+00:00,8.58674926746,21.9,5.6,21.0,25.0,0
1045,2024-12-24 17:36:00+00:00,8.58674926746,21.9,5.6,21.0,25.0,0
1046,2024-12-24 17:37:00+00:00,8.58674926746,21.90666666666667,5.6,21.0,25.0,0
1047,2024-12-24 17:38:00+00:00,8.58674926746,21.90666666666667,5.6,21.0,25.0,0
1048,2024-12-24 17:39:00+00:00,8.58674926746,21.899999999999995,5.6,21.0,25.0,0
1049,2024-12-24 17:40:00+00:00,8.58674926746,21.9,5.6,21.0,25.0,0
1050,2024-12-24 17:41:00+00:00,8.58674926746,21.886666666666667,5.6,21.0,25.0,0
1051,2024-12-24 17:42:00+00:00,8.58674926746,21.886666666666667,5.6,21.0,25.0,0
1052,2024-12-24 17:43:00+00:00,8.58674926746,21.886666666666663,5.6,21.0,25.0,0
1053,2024-12-24 17:44:00+00:00,8.58674926746,21.886666666666667,5.6,21.0,25.0,0
1054,2024-12-24 17:45:00+00:00,8.58674926746,21.886666666666667,5.6,21.0,25.0,0
1055,2024-12-24 17:46:00+00:00,8.58674926746,21.886666666666663,5.6,21.0,25.0,0
1056,2024-12-24 17:47:00+00:00,8.58674926746,21.88,5.6,21.0,25.0,0
1057,2024-12-24 17:48:00+00:00,8.58674926746,21.88,5.6,21.0,25.0,0
1058,2024-12-24 17:49:00+00:00,8.58674926746,21.886666666666667,5.6,21.0,25.0,0
1059,2024-12-24 17:50:00+00:00,8.58674926746,21.88,5.6,21.0,25.0,0
1060,2024-12-24 17:51:00+00:00,8.58674926746,21.89333333333333,5.6,21.0,25.0,0
1061,2024-12-24 17:52:00+00:00,8.58674926746,21.906666666666663,5.6,21.0,25.0,0
1062,2024-12-24 17:53:00+00:00,8.58674926746,21.89333333333333,5.6,21.0,25.0,0
1063,2024-12-24 17:54:00+00:00,8.58674926746,21.9,5.6,21.0,25.0,0
1064,2024-12-24 17:55:00+00:00,8.58674926746,21.89333333333333,5.6,21.0,25.0,0
1065,2024-12-24 17:56:00+00:00,8.58674926746,21.906666666666663,5.6,21.0,25.0,0
1066,2024-12-24 17:57:00+00:00,8.58674926746,21.906666666666663,5.6,21.0,25.0,0
1067,2024-12-24 17:58:00+00:00,8.58674926746,21.9,5.6,21.0,25.0,0
1068,2024-12-24 17:59:00+00:00,8.58674926746,21.89333333333333,5.6,21.0,25.0,0
1069,2024-12-24 18:00:00+00:00,8.58674926746,21.89333333333333,5.6,21.0,25.0,0
1070,2024-12-24 18:01:00+00:00,8.58674926746,21.89333333333333,5.6,21.0,25.0,0
1071,2024-12-24 18:02:00+00:00,8.58674926746,21.89333333333333,5.6,21.0,25.0,0
1072,2024-12-24 18:03:00+00:00,8.58674926746,21.89333333333333,5.6,21.0,25.0,0
1073,2024-12-24 18:04:00+00:00,8.58674926746,21.89333333333333,5.6,21.0,25.0,0
1074,2024-12-24 18:05:00+00:00,8.58674926746,21.9,5.6,21.0,25.0,0
1075,2024-12-24 18:06:00+00:00,8.58674926746,21.89333333333333,5.6,21.0,25.0,0
1076,2024-12-24 18:07:00+00:00,8.58674926746,21.89333333333333,5.6,21.0,25.0,0
1077,2024-12-24 18:08:00+00:00,8.58674926746,21.9,5.6,21.0,25.0,0
1078,2024-12-24 18:09:00+00:00,8.58674926746,21.90666666666667,5.6,21.0,25.0,0
1079,2024-12-24 18:10:00+00:00,8.58674926746,21.91333333333333,5.6,21.0,25.0,0
1080,2024-12-24 18:11:00+00:00,8.58674926746,21.91333333333333,5.6,21.0,25.0,0
1081,2024-12-24 18:12:00+00:00,8.58674926746,21.92666666666667,5.6,21.0,25.0,0
1082,2024-12-24 18:13:00+00:00,8.58674926746,21.94,5.6,21.0,25.0,0
1083,2024-12-24 18:14:00+00:00,8.58674926746,21.953333333333333,5.6,21.0,25.0,0
1084,2024-12-24 18:15:00+00:00,8.58674926746,21.953333333333333,5.6,21.0,25.0,0
1085,2024-12-24 18:16:00+00:00,8.58674926746,21.95333333333333,5.6,21.0,25.0,0
1086,2024-12-24 18:17:00+00:00,8.58674926746,21.953333333333333,5.6,21.0,25.0,0
1087,2024-12-24 18:18:00+00:00,8.58674926746,21.96,5.6,21.0,25.0,0
1088,2024-12-24 18:19:00+00:00,8.58674926746,21.953333333333333,5.6,21.0,25.0,0
1089,2024-12-24 18:20:00+00:00,8.58674926746,21.953333333333333,5.6,21.0,25.0,0
1090,2024-12-24 18:21:00+00:00,8.58674926746,21.953333333333333,5.6,21.0,25.0,0
1091,2024-12-24 18:22:00+00:00,8.58674926746,21.946666666666665,5.6,21.0,25.0,0
1092,2024-12-24 18:23:00+00:00,8.58674926746,21.946666666666665,5.6,21.0,25.0,0
1093,2024-12-24 18:24:00+00:00,8.58674926746,21.946666666666665,5.6,21.0,25.0,0
1094,2024-12-24 18:25:00+00:00,8.58674926746,21.946666666666665,5.6,21.0,25.0,0
1095,2024-12-24 18:26:00+00:00,8.58674926746,21.94,5.6,21.0,25.0,0
1096,2024-12-24 18:27:00+00:00,8.58674926746,21.926666666666662,5.6,21.0,25.0,0
1097,2024-12-24 18:28:00+00:00,8.58674926746,21.92,5.6,21.0,25.0,0
1098,2024-12-24 18:29:00+00:00,8.58674926746,21.91333333333333,5.6,21.0,25.0,0
1099,2024-12-24 18:30:00+00:00,8.58674926746,21.91333333333333,5.9,21.0,25.0,0
1100,2024-12-24 18:31:00+00:00,8.58674926746,21.90666666666667,5.9,21.0,25.0,0
1101,2024-12-24 18:32:00+00:00,8.58674926746,21.906666666666663,5.9,21.0,25.0,0
1102,2024-12-24 18:33:00+00:00,8.58674926746,21.89333333333333,5.9,21.0,25.0,0
1103,2024-12-24 18:34:00+00:00,8.58674926746,21.89333333333333,5.9,21.0,25.0,0
1104,2024-12-24 18:35:00+00:00,8.58674926746,21.88,5.9,21.0,25.0,0
1105,2024-12-24 18:36:00+00:00,8.58674926746,21.88,5.9,21.0,25.0,0
1106,2024-12-24 18:37:00+00:00,8.58674926746,21.88,5.9,21.0,25.0,0
1107,2024-12-24 18:38:00+00:00,8.58674926746,21.88,5.9,21.0,25.0,0
1108,2024-12-24 18:39:00+00:00,8.58674926746,21.866666666666667,5.9,21.0,25.0,0
1109,2024-12-24 18:40:00+00:00,8.58674926746,21.866666666666667,5.9,21.0,25.0,0
1110,2024-12-24 18:41:00+00:00,8.58674926746,21.866666666666667,5.9,21.0,25.0,0
1111,2024-12-24 18:42:00+00:00,8.58674926746,21.866666666666667,5.9,21.0,25.0,0
1112,2024-12-24 18:43:00+00:00,8.58674926746,21.86,5.9,21.0,25.0,0
1113,2024-12-24 18:44:00+00:00,8.58674926746,21.85333333333333,5.9,21.0,25.0,0
1114,2024-12-24 18:45:00+00:00,8.58674926746,21.846666666666668,5.9,21.0,25.0,0
1115,2024-12-24 18:46:00+00:00,8.58674926746,21.846666666666668,5.9,21.0,25.0,0
1116,2024-12-24 18:47:00+00:00,8.58674926746,21.84,5.9,21.0,25.0,0
1117,2024-12-24 18:48:00+00:00,8.58674926746,21.846666666666668,5.9,21.0,25.0,0
1118,2024-12-24 18:49:00+00:00,8.58674926746,21.846666666666668,5.9,21.0,25.0,0
1119,2024-12-24 18:50:00+00:00,8.58674926746,21.846666666666668,5.9,21.0,25.0,0
1120,2024-12-24 18:51:00+00:00,8.58674926746,21.85333333333333,5.9,21.0,25.0,0
1121,2024-12-24 18:52:00+00:00,8.58674926746,21.85333333333333,5.9,21.0,25.0,0
1122,2024-12-24 18:53:00+00:00,8.58674926746,21.85333333333333,5.9,21.0,25.0,0
1123,2024-12-24 18:54:00+00:00,8.58674926746,21.860000000000003,5.9,21.0,25.0,0
1124,2024-12-24 18:55:00+00:00,8.58674926746,21.85333333333333,5.9,21.0,25.0,0
1125,2024-12-24 18:56:00+00:00,8.58674926746,21.846666666666668,5.9,21.0,25.0,0
1126,2024-12-24 18:57:00+00:00,8.58674926746,21.846666666666668,5.9,21.0,25.0,0
1127,2024-12-24 18:58:00+00:00,8.58674926746,21.84666666666667,5.9,21.0,25.0,0
1128,2024-12-24 18:59:00+00:00,8.58674926746,21.84,5.9,21.0,25.0,0
1129,2024-12-24 19:00:00+00:00,8.58674926746,21.83333333333333,5.9,21.0,25.0,0
1130,2024-12-24 19:01:00+00:00,8.58674926746,21.83333333333333,5.9,21.0,25.0,0
1131,2024-12-24 19:02:00+00:00,8.58674926746,21.83333333333333,5.9,21.0,25.0,0
1132,2024-12-24 19:03:00+00:00,8.58674926746,21.83333333333333,5.9,21.0,25.0,0
1133,2024-12-24 19:04:00+00:00,8.58674926746,21.84,5.9,21.0,25.0,0
1134,2024-12-24 19:05:00+00:00,8.58674926746,21.846666666666668,5.9,21.0,25.0,0
1135,2024-12-24 19:06:00+00:00,8.58674926746,21.84,5.9,21.0,25.0,0
1136,2024-12-24 19:07:00+00:00,8.58674926746,21.83333333333333,5.9,21.0,25.0,0
1137,2024-12-24 19:08:00+00:00,8.58674926746,21.826666666666668,5.9,21.0,25.0,0
1138,2024-12-24 19:09:00+00:00,8.58674926746,21.82,5.9,21.0,25.0,0
1139,2024-12-24 19:10:00+00:00,8.58674926746,21.82,5.9,21.0,25.0,0
1140,2024-12-24 19:11:00+00:00,8.58674926746,21.826666666666668,5.9,21.0,25.0,0
1141,2024-12-24 19:12:00+00:00,8.58674926746,21.82,5.9,21.0,25.0,0
1142,2024-12-24 19:13:00+00:00,8.58674926746,21.82,5.9,21.0,25.0,0
1143,2024-12-24 19:14:00+00:00,8.58674926746,21.826666666666664,5.9,21.0,25.0,0
1144,2024-12-24 19:15:00+00:00,8.58674926746,21.83333333333333,5.9,21.0,25.0,0
1145,2024-12-24 19:16:00+00:00,8.58674926746,21.83333333333333,5.9,21.0,25.0,0
1146,2024-12-24 19:17:00+00:00,8.58674926746,21.84,5.9,21.0,25.0,0
1147,2024-12-24 19:18:00+00:00,8.58674926746,21.83333333333333,5.9,21.0,25.0,0
1148,2024-12-24 19:19:00+00:00,8.58674926746,21.826666666666668,5.9,21.0,25.0,0
1149,2024-12-24 19:20:00+00:00,8.58674926746,21.826666666666664,5.9,21.0,25.0,0
1150,2024-12-24 19:21:00+00:00,8.58674926746,21.826666666666668,5.9,21.0,25.0,0
1151,2024-12-24 19:22:00+00:00,8.58674926746,21.826666666666664,5.9,21.0,25.0,0
1152,2024-12-24 19:23:00+00:00,8.58674926746,21.826666666666664,5.9,21.0,25.0,0
1153,2024-12-24 19:24:00+00:00,8.58674926746,21.826666666666664,5.9,21.0,25.0,0
1154,2024-12-24 19:25:00+00:00,8.58674926746,21.82,5.9,21.0,25.0,0
1155,2024-12-24 19:26:00+00:00,8.58674926746,21.813333333333333,5.9,21.0,25.0,0
1156,2024-12-24 19:27:00+00:00,8.58674926746,21.813333333333333,5.9,21.0,25.0,0
1157,2024-12-24 19:28:00+00:00,8.58674926746,21.813333333333336,5.9,21.0,25.0,0
1158,2024-12-24 19:29:00+00:00,8.58674926746,21.813333333333333,5.9,21.0,25.0,0
1159,2024-12-24 19:30:00+00:00,8.58674926746,21.80666666666667,6.1,21.0,25.0,0
1160,2024-12-24 19:31:00+00:00,8.58674926746,21.806666666666665,6.1,21.0,25.0,0
1161,2024-12-24 19:32:00+00:00,8.58674926746,21.8,6.1,21.0,25.0,0
1162,2024-12-24 19:33:00+00:00,8.58674926746,21.80666666666667,6.1,21.0,25.0,0
1163,2024-12-24 19:34:00+00:00,8.58674926746,21.813333333333333,6.1,21.0,25.0,0
1164,2024-12-24 19:35:00+00:00,8.58674926746,21.80666666666667,6.1,21.0,25.0,0
1165,2024-12-24 19:36:00+00:00,8.58674926746,21.8,6.1,21.0,25.0,0
1166,2024-12-24 19:37:00+00:00,8.58674926746,21.8,6.1,21.0,25.0,0
1167,2024-12-24 19:38:00+00:00,8.58674926746,21.8,6.1,21.0,25.0,0
1168,2024-12-24 19:39:00+00:00,8.58674926746,21.80666666666667,6.1,21.0,25.0,0
1169,2024-12-24 19:40:00+00:00,8.58674926746,21.813333333333333,6.1,21.0,25.0,0
1170,2024-12-24 19:41:00+00:00,8.58674926746,21.826666666666664,6.1,21.0,25.0,0
1171,2024-12-24 19:42:00+00:00,8.58674926746,21.82,6.1,21.0,25.0,0
1172,2024-12-24 19:43:00+00:00,8.58674926746,21.813333333333333,6.1,21.0,25.0,0
1173,2024-12-24 19:44:00+00:00,8.58674926746,21.80666666666667,6.1,21.0,25.0,0
1174,2024-12-24 19:45:00+00:00,8.58674926746,21.813333333333333,6.1,21.0,25.0,0
1175,2024-12-24 19:46:00+00:00,8.58674926746,21.813333333333336,6.1,21.0,25.0,0
1176,2024-12-24 19:47:00+00:00,8.58674926746,21.813333333333333,6.1,21.0,25.0,0
1177,2024-12-24 19:48:00+00:00,8.58674926746,21.806666666666665,6.1,21.0,25.0,0
1178,2024-12-24 19:49:00+00:00,8.58674926746,21.813333333333333,6.1,21.0,25.0,0
1179,2024-12-24 19:50:00+00:00,8.58674926746,21.806666666666665,6.1,21.0,25.0,0
1180,2024-12-24 19:51:00+00:00,8.58674926746,21.806666666666665,6.1,21.0,25.0,0
1181,2024-12-24 19:52:00+00:00,8.58674926746,21.80666666666667,6.1,21.0,25.0,0
1182,2024-12-24 19:53:00+00:00,8.58674926746,21.813333333333333,6.1,21.0,25.0,0
1183,2024-12-24 19:54:00+00:00,8.58674926746,21.806666666666665,6.1,21.0,25.0,0
1184,2024-12-24 19:55:00+00:00,8.58674926746,21.813333333333336,6.1,21.0,25.0,0
1185,2024-12-24 19:56:00+00:00,8.58674926746,21.813333333333336,6.1,21.0,25.0,0
1186,2024-12-24 19:57:00+00:00,8.58674926746,21.826666666666664,6.1,21.0,25.0,0
1187,2024-12-24 19:58:00+00:00,8.58674926746,21.84,6.1,21.0,25.0,0
1188,2024-12-24 19:59:00+00:00,8.58674926746,21.85333333333333,6.1,21.0,25.0,0
1189,2024-12-24 20:00:00+00:00,8.58674926746,21.86,6.1,21.0,25.0,0
1190,2024-12-24 20:01:00+00:00,8.58674926746,21.85333333333333,6.1,21.0,25.0,0
1191,2024-12-24 20:02:00+00:00,8.58674926746,21.84666666666667,6.1,21.0,25.0,0
1192,2024-12-24 20:03:00+00:00,8.58674926746,21.846666666666668,6.1,21.0,25.0,0
1193,2024-12-24 20:04:00+00:00,8.58674926746,21.84,6.1,21.0,25.0,0
1194,2024-12-24 20:05:00+00:00,8.58674926746,21.84666666666667,6.1,21.0,25.0,0
1195,2024-12-24 20:06:00+00:00,8.58674926746,21.85333333333333,6.1,21.0,25.0,0
1196,2024-12-24 20:07:00+00:00,8.58674926746,21.85333333333333,6.1,21.0,25.0,0
1197,2024-12-24 20:08:00+00:00,8.58674926746,21.84666666666667,6.1,21.0,25.0,0
1198,2024-12-24 20:10:00+00:00,8.58674926746,21.85333333333333,6.1,21.0,25.0,0
1199,2024-12-24 20:11:00+00:00,8.58674926746,21.84,6.1,21.0,25.0,0
1200,2024-12-24 20:12:00+00:00,8.58674926746,21.83333333333333,6.1,21.0,25.0,0
1201,2024-12-24 20:13:00+00:00,8.58674926746,21.826666666666664,6.1,21.0,25.0,0
1202,2024-12-24 20:14:00+00:00,8.58674926746,21.826666666666668,6.1,21.0,25.0,0
1203,2024-12-24 20:15:00+00:00,8.58674926746,21.82,6.1,21.0,25.0,0
1204,2024-12-24 20:16:00+00:00,8.58674926746,21.82,6.1,21.0,25.0,0
1205,2024-12-24 20:17:00+00:00,8.58674926746,21.826666666666668,6.1,21.0,25.0,0
1206,2024-12-24 20:18:00+00:00,8.58674926746,21.84,6.1,21.0,25.0,0
1207,2024-12-24 20:19:00+00:00,8.58674926746,21.84,6.1,21.0,25.0,0
1208,2024-12-24 20:20:00+00:00,8.58674926746,21.84,6.1,21.0,25.0,0
1209,2024-12-24 20:21:00+00:00,8.58674926746,21.846666666666668,6.1,21.0,25.0,0
1210,2024-12-24 20:22:00+00:00,8.58674926746,21.846666666666668,6.1,21.0,25.0,0
1211,2024-12-24 20:23:00+00:00,8.58674926746,21.846666666666668,6.1,21.0,25.0,0
1212,2024-12-24 20:24:00+00:00,8.58674926746,21.846666666666668,6.1,21.0,25.0,0
1213,2024-12-24 20:25:00+00:00,8.58674926746,21.83333333333333,6.1,21.0,25.0,0
1214,2024-12-24 20:26:00+00:00,8.58674926746,21.83333333333333,6.1,21.0,25.0,0
1215,2024-12-24 20:27:00+00:00,8.58674926746,21.82,6.1,21.0,25.0,0
1216,2024-12-24 20:28:00+00:00,8.58674926746,21.826666666666664,6.1,21.0,25.0,0
1217,2024-12-24 20:29:00+00:00,8.58674926746,21.82,6.1,21.0,25.0,0
1218,2024-12-24 20:30:00+00:00,8.58674926746,21.82,6.5,21.0,25.0,0
1219,2024-12-24 20:31:00+00:00,8.58674926746,21.8,6.5,21.0,25.0,0
1220,2024-12-24 20:32:00+00:00,8.58674926746,21.793333333333333,6.5,21.0,25.0,0
1221,2024-12-24 20:33:00+00:00,8.58674926746,21.793333333333333,6.5,21.0,25.0,0
1222,2024-12-24 20:34:00+00:00,8.58674926746,21.793333333333333,6.5,21.0,25.0,0
1223,2024-12-24 20:35:00+00:00,8.58674926746,21.78666666666667,6.5,21.0,25.0,0
1224,2024-12-24 20:36:00+00:00,8.58674926746,21.766666666666666,6.5,21.0,25.0,0
1225,2024-12-24 20:37:00+00:00,8.58674926746,21.746666666666663,6.5,21.0,25.0,0
1226,2024-12-24 20:39:00+00:00,8.58674926746,21.746666666666663,6.5,21.0,25.0,0
1227,2024-12-24 20:40:00+00:00,8.58674926746,21.746666666666663,6.5,21.0,25.0,0
1228,2024-12-24 20:41:00+00:00,8.58674926746,21.746666666666663,6.5,21.0,25.0,0
1229,2024-12-24 20:42:00+00:00,8.58674926746,21.746666666666663,6.5,21.0,25.0,0
1230,2024-12-24 20:43:00+00:00,8.58674926746,21.746666666666663,6.5,21.0,25.0,0
1231,2024-12-24 20:44:00+00:00,8.58674926746,21.73333333333333,6.5,21.0,25.0,0
1232,2024-12-24 20:45:00+00:00,8.58674926746,21.73333333333333,6.5,21.0,25.0,0
1233,2024-12-24 20:46:00+00:00,8.58674926746,21.72666666666667,6.5,21.0,25.0,0
1234,2024-12-24 20:47:00+00:00,8.58674926746,21.74,6.5,21.0,25.0,0
1235,2024-12-24 20:48:00+00:00,8.58674926746,21.74,6.5,21.0,25.0,0
1236,2024-12-24 20:49:00+00:00,8.58674926746,21.73333333333333,6.5,21.0,25.0,0
1237,2024-12-24 20:50:00+00:00,8.58674926746,21.72666666666667,6.5,21.0,25.0,0
1238,2024-12-24 20:51:00+00:00,8.58674926746,21.726666666666667,6.5,21.0,25.0,0
1239,2024-12-24 20:52:00+00:00,8.58674926746,21.74,6.5,21.0,25.0,0
1240,2024-12-24 20:53:00+00:00,8.58674926746,21.75333333333333,6.5,21.0,25.0,0
1241,2024-12-24 20:54:00+00:00,8.58674926746,21.75333333333333,6.5,21.0,25.0,0
1242,2024-12-24 20:55:00+00:00,8.58674926746,21.75333333333333,6.5,21.0,25.0,0
1243,2024-12-24 20:57:00+00:00,8.58674926746,21.76,6.5,21.0,25.0,0
1244,2024-12-24 20:58:00+00:00,8.58674926746,21.76,6.5,21.0,25.0,0
1245,2024-12-24 20:59:00+00:00,8.58674926746,21.76,6.5,21.0,25.0,0
1246,2024-12-24 21:00:00+00:00,8.58674926746,21.766666666666666,6.5,21.0,25.0,0
1247,2024-12-24 21:01:00+00:00,8.58674926746,21.773333333333333,6.5,21.0,25.0,0
1248,2024-12-24 21:02:00+00:00,8.58674926746,21.766666666666666,6.5,21.0,25.0,0
1249,2024-12-24 21:03:00+00:00,8.58674926746,21.766666666666666,6.5,21.0,25.0,0
1250,2024-12-24 21:04:00+00:00,8.58674926746,21.77333333333333,6.5,21.0,25.0,0
1251,2024-12-24 21:05:00+00:00,8.58674926746,21.773333333333333,6.5,21.0,25.0,0
1252,2024-12-24 21:06:00+00:00,8.58674926746,21.78,6.5,21.0,25.0,0
1253,2024-12-24 21:07:00+00:00,8.58674926746,21.780000000000005,6.5,21.0,25.0,0
1254,2024-12-24 21:08:00+00:00,8.58674926746,21.766666666666666,6.5,21.0,25.0,0
1255,2024-12-24 21:09:00+00:00,8.58674926746,21.766666666666666,6.5,21.0,25.0,0
1256,2024-12-24 21:10:00+00:00,8.58674926746,21.773333333333333,6.5,21.0,25.0,0
1257,2024-12-24 21:11:00+00:00,8.58674926746,21.77333333333333,6.5,21.0,25.0,0
1258,2024-12-24 21:12:00+00:00,8.58674926746,21.780000000000005,6.5,21.0,25.0,0
1259,2024-12-24 21:13:00+00:00,8.58674926746,21.786666666666665,6.5,21.0,25.0,0
1260,2024-12-24 21:14:00+00:00,8.58674926746,21.793333333333333,6.5,21.0,25.0,0
1261,2024-12-24 21:15:00+00:00,8.58674926746,21.786666666666665,6.5,21.0,25.0,0
1262,2024-12-24 21:16:00+00:00,8.58674926746,21.78,6.5,21.0,25.0,0
1263,2024-12-24 21:17:00+00:00,8.58674926746,21.793333333333333,6.5,21.0,25.0,0
1264,2024-12-24 21:18:00+00:00,8.58674926746,21.793333333333337,6.5,21.0,25.0,0
1265,2024-12-24 21:19:00+00:00,8.58674926746,21.8,6.5,21.0,25.0,0
1266,2024-12-24 21:20:00+00:00,8.58674926746,21.8,6.5,21.0,25.0,0
1267,2024-12-24 21:21:00+00:00,8.58674926746,21.8,6.5,21.0,25.0,0
1268,2024-12-24 21:22:00+00:00,8.58674926746,21.8,6.5,21.0,25.0,0
1269,2024-12-24 21:23:00+00:00,8.58674926746,21.80666666666667,6.5,21.0,25.0,0
1270,2024-12-24 21:24:00+00:00,8.58674926746,21.793333333333337,6.5,21.0,25.0,0
1271,2024-12-24 21:25:00+00:00,8.58674926746,21.793333333333333,6.5,21.0,25.0,0
1272,2024-12-24 21:26:00+00:00,8.58674926746,21.8,6.5,21.0,25.0,0
1273,2024-12-24 21:27:00+00:00,8.58674926746,21.8,6.5,21.0,25.0,0
1274,2024-12-24 21:28:00+00:00,8.58674926746,21.8,6.5,21.0,25.0,0
1275,2024-12-24 21:29:00+00:00,8.58674926746,21.793333333333337,6.5,21.0,25.0,0
1276,2024-12-24 21:30:00+00:00,8.58674926746,21.8,6.7,21.0,25.0,0
1277,2024-12-24 21:31:00+00:00,8.58674926746,21.793333333333337,6.7,21.0,25.0,0
1278,2024-12-24 21:33:00+00:00,8.58674926746,21.793333333333333,6.7,21.0,25.0,0
1279,2024-12-24 21:34:00+00:00,8.58674926746,21.793333333333333,6.7,21.0,25.0,0
1280,2024-12-24 21:35:00+00:00,8.58674926746,21.780000000000005,6.7,21.0,25.0,0
1281,2024-12-24 21:36:00+00:00,8.58674926746,21.773333333333333,6.7,21.0,25.0,0
1282,2024-12-24 21:37:00+00:00,8.58674926746,21.773333333333333,6.7,21.0,25.0,0
1283,2024-12-24 21:38:00+00:00,8.58674926746,21.766666666666666,6.7,21.0,25.0,0
1284,2024-12-24 21:39:00+00:00,8.58674926746,21.766666666666666,6.7,21.0,25.0,0
1285,2024-12-24 21:41:00+00:00,8.58674926746,21.77333333333333,6.7,21.0,25.0,0
1286,2024-12-24 21:42:00+00:00,8.58674926746,21.75333333333333,6.7,21.0,25.0,0
1287,2024-12-24 21:43:00+00:00,8.58674926746,21.74,6.7,21.0,25.0,0
1288,2024-12-24 21:44:00+00:00,8.58674926746,21.73333333333333,6.7,21.0,25.0,0
1289,2024-12-24 21:45:00+00:00,8.58674926746,21.73333333333333,6.7,21.0,25.0,0
1290,2024-12-24 21:46:00+00:00,8.58674926746,21.74,6.7,21.0,25.0,0
1291,2024-12-24 21:47:00+00:00,8.58674926746,21.746666666666663,6.7,21.0,25.0,0
1292,2024-12-24 21:48:00+00:00,8.58674926746,21.75333333333333,6.7,21.0,25.0,0
1293,2024-12-24 21:49:00+00:00,8.58674926746,21.74666666666667,6.7,21.0,25.0,0
1294,2024-12-24 21:50:00+00:00,8.58674926746,21.74666666666667,6.7,21.0,25.0,0
1295,2024-12-24 21:51:00+00:00,8.58674926746,21.746666666666663,6.7,21.0,25.0,0
1296,2024-12-24 21:52:00+00:00,8.58674926746,21.766666666666666,6.7,21.0,25.0,0
1297,2024-12-24 21:53:00+00:00,8.58674926746,21.773333333333333,6.7,21.0,25.0,0
1298,2024-12-24 21:54:00+00:00,8.58674926746,21.786666666666665,6.7,21.0,25.0,0
1299,2024-12-24 21:55:00+00:00,8.58674926746,21.793333333333333,6.7,21.0,25.0,0
1300,2024-12-24 21:56:00+00:00,8.58674926746,21.80666666666667,6.7,21.0,25.0,0
1301,2024-12-24 21:57:00+00:00,8.58674926746,21.826666666666664,6.7,21.0,25.0,0
1302,2024-12-24 21:58:00+00:00,8.58674926746,21.84,6.7,21.0,25.0,0
1303,2024-12-24 21:59:00+00:00,8.58674926746,21.846666666666668,6.7,21.0,25.0,0
1304,2024-12-24 22:00:00+00:00,8.58674926746,21.846666666666668,6.7,21.0,25.0,0
1305,2024-12-24 22:01:00+00:00,8.58674926746,21.85333333333333,6.7,21.0,25.0,0
1306,2024-12-24 22:02:00+00:00,8.58674926746,21.85333333333333,6.7,21.0,25.0,0
1307,2024-12-24 22:03:00+00:00,8.58674926746,21.85333333333333,6.7,21.0,25.0,0
1308,2024-12-24 22:04:00+00:00,8.58674926746,21.866666666666667,6.7,21.0,25.0,0
1309,2024-12-24 22:05:00+00:00,8.58674926746,21.87333333333333,6.7,21.0,25.0,0
1310,2024-12-24 22:06:00+00:00,8.58674926746,21.886666666666663,6.7,21.0,25.0,0
1311,2024-12-24 22:07:00+00:00,8.58674926746,21.88,6.7,21.0,25.0,0
1312,2024-12-24 22:08:00+00:00,8.58674926746,21.88,6.7,21.0,25.0,0
1313,2024-12-24 22:09:00+00:00,8.58674926746,21.88,6.7,21.0,25.0,0
1314,2024-12-24 22:10:00+00:00,8.58674926746,21.88,6.7,21.0,25.0,0
1315,2024-12-24 22:11:00+00:00,8.58674926746,21.88,6.7,21.0,25.0,0
1316,2024-12-24 22:12:00+00:00,8.58674926746,21.88,6.7,21.0,25.0,0
1317,2024-12-24 22:13:00+00:00,8.58674926746,21.87333333333333,6.7,21.0,25.0,0
1318,2024-12-24 22:14:00+00:00,8.58674926746,21.866666666666667,6.7,21.0,25.0,0
1319,2024-12-24 22:15:00+00:00,8.58674926746,21.86,6.7,21.0,25.0,0
1320,2024-12-24 22:16:00+00:00,8.58674926746,21.866666666666667,6.7,21.0,25.0,0
1321,2024-12-24 22:17:00+00:00,8.58674926746,21.866666666666667,6.7,21.0,25.0,0
1322,2024-12-24 22:18:00+00:00,8.58674926746,21.88,6.7,21.0,25.0,0
1323,2024-12-24 22:19:00+00:00,8.58674926746,21.87333333333333,6.7,21.0,25.0,0
1324,2024-12-24 22:20:00+00:00,8.58674926746,21.87333333333333,6.7,21.0,25.0,0
1325,2024-12-24 22:21:00+00:00,8.58674926746,21.87333333333333,6.7,21.0,25.0,0
1326,2024-12-24 22:22:00+00:00,8.58674926746,21.87333333333333,6.7,21.0,25.0,0
1327,2024-12-24 22:23:00+00:00,8.58674926746,21.866666666666667,6.7,21.0,25.0,0
1328,2024-12-24 22:24:00+00:00,8.58674926746,21.866666666666667,6.7,21.0,25.0,0
1329,2024-12-24 22:25:00+00:00,8.58674926746,21.866666666666667,6.7,21.0,25.0,0
1330,2024-12-24 22:26:00+00:00,8.58674926746,21.86,6.7,21.0,25.0,0
1331,2024-12-24 22:27:00+00:00,8.58674926746,21.85333333333333,6.7,21.0,25.0,0
1332,2024-12-24 22:28:00+00:00,8.58674926746,21.85333333333333,6.7,21.0,25.0,0
1333,2024-12-24 22:29:00+00:00,8.58674926746,21.87333333333333,6.7,21.0,25.0,0
1334,2024-12-24 22:30:00+00:00,8.58674926746,21.88,6.8,21.0,25.0,0
1335,2024-12-24 22:31:00+00:00,8.58674926746,21.866666666666667,6.8,21.0,25.0,0
1336,2024-12-24 22:32:00+00:00,8.58674926746,21.860000000000003,6.8,21.0,25.0,0
1337,2024-12-24 22:33:00+00:00,8.58674926746,21.85333333333333,6.8,21.0,25.0,0
1338,2024-12-24 22:34:00+00:00,8.58674926746,21.85333333333333,6.8,21.0,25.0,0
1339,2024-12-24 22:35:00+00:00,8.58674926746,21.84666666666667,6.8,21.0,25.0,0
1340,2024-12-24 22:36:00+00:00,8.58674926746,21.84,6.8,21.0,25.0,0
1341,2024-12-24 22:37:00+00:00,8.58674926746,21.83333333333333,6.8,21.0,25.0,0
1342,2024-12-24 22:38:00+00:00,8.58674926746,21.83333333333333,6.8,21.0,25.0,0
1343,2024-12-24 22:39:00+00:00,8.58674926746,21.83333333333333,6.8,21.0,25.0,0
1344,2024-12-24 22:40:00+00:00,8.58674926746,21.83333333333333,6.8,21.0,25.0,0
1345,2024-12-24 22:41:00+00:00,8.58674926746,21.84,6.8,21.0,25.0,0
1346,2024-12-24 22:42:00+00:00,8.58674926746,21.84,6.8,21.0,25.0,0
1347,2024-12-24 22:43:00+00:00,8.58674926746,21.846666666666668,6.8,21.0,25.0,0
1348,2024-12-24 22:44:00+00:00,8.58674926746,21.83333333333333,6.8,21.0,25.0,0
1349,2024-12-24 22:45:00+00:00,8.58674926746,21.83333333333333,6.8,21.0,25.0,0
1350,2024-12-24 22:46:00+00:00,8.58674926746,21.83333333333333,6.8,21.0,25.0,0
1351,2024-12-24 22:47:00+00:00,8.58674926746,21.83333333333333,6.8,21.0,25.0,0
1352,2024-12-24 22:48:00+00:00,8.58674926746,21.83333333333333,6.8,21.0,25.0,0
1353,2024-12-24 22:49:00+00:00,8.58674926746,21.846666666666668,6.8,21.0,25.0,0
1354,2024-12-24 22:50:00+00:00,8.58674926746,21.846666666666668,6.8,21.0,25.0,0
1355,2024-12-24 22:51:00+00:00,8.58674926746,21.84666666666667,6.8,21.0,25.0,0
1356,2024-12-24 22:52:00+00:00,8.58674926746,21.84,6.8,21.0,25.0,0
1357,2024-12-24 22:53:00+00:00,8.58674926746,21.83333333333333,6.8,21.0,25.0,0
1358,2024-12-24 22:54:00+00:00,8.58674926746,21.82,6.8,21.0,25.0,0
1359,2024-12-24 22:55:00+00:00,8.58674926746,21.826666666666664,6.8,21.0,25.0,0
1360,2024-12-24 22:56:00+00:00,8.58674926746,21.82,6.8,21.0,25.0,0
1361,2024-12-24 22:57:00+00:00,8.58674926746,21.826666666666668,6.8,21.0,25.0,0
1362,2024-12-24 22:58:00+00:00,8.58674926746,21.826666666666664,6.8,21.0,25.0,0
1363,2024-12-24 22:59:00+00:00,8.58674926746,21.826666666666664,6.8,21.0,25.0,0
1364,2024-12-24 23:00:00+00:00,8.58674926746,21.83333333333333,6.8,21.0,25.0,0
1365,2024-12-24 23:01:00+00:00,8.58674926746,21.83333333333333,6.8,21.0,25.0,0
1366,2024-12-24 23:02:00+00:00,8.58674926746,21.83333333333333,6.8,21.0,25.0,0
1367,2024-12-24 23:03:00+00:00,8.58674926746,21.83333333333333,6.8,21.0,25.0,0
1368,2024-12-24 23:04:00+00:00,8.58674926746,21.82,6.8,21.0,25.0,0
1369,2024-12-24 23:05:00+00:00,8.58674926746,21.826666666666664,6.8,21.0,25.0,0
1370,2024-12-24 23:06:00+00:00,8.58674926746,21.83333333333333,6.8,21.0,25.0,0
1371,2024-12-24 23:07:00+00:00,8.58674926746,21.846666666666668,6.8,21.0,25.0,0
1372,2024-12-24 23:08:00+00:00,8.58674926746,21.866666666666667,6.8,21.0,25.0,0
1373,2024-12-24 23:09:00+00:00,8.58674926746,21.886666666666667,6.8,21.0,25.0,0
1374,2024-12-24 23:10:00+00:00,8.58674926746,21.88,6.8,21.0,25.0,0
1375,2024-12-24 23:11:00+00:00,8.58674926746,21.89333333333333,6.8,21.0,25.0,0
1376,2024-12-24 23:12:00+00:00,8.58674926746,21.89333333333333,6.8,21.0,25.0,0
1377,2024-12-24 23:13:00+00:00,8.58674926746,21.9,6.8,21.0,25.0,0
1378,2024-12-24 23:14:00+00:00,8.58674926746,21.9,6.8,21.0,25.0,0
1379,2024-12-24 23:15:00+00:00,8.58674926746,21.9,6.8,21.0,25.0,0
1380,2024-12-24 23:16:00+00:00,8.58674926746,21.906666666666663,6.8,21.0,25.0,0
1381,2024-12-24 23:17:00+00:00,8.58674926746,21.90666666666667,6.8,21.0,25.0,0
1382,2024-12-24 23:18:00+00:00,8.58674926746,21.906666666666663,6.8,21.0,25.0,0
1383,2024-12-24 23:19:00+00:00,8.58674926746,21.906666666666663,6.8,21.0,25.0,0
1384,2024-12-24 23:20:00+00:00,8.58674926746,21.9,6.8,21.0,25.0,0
1385,2024-12-24 23:21:00+00:00,8.58674926746,21.90666666666667,6.8,21.0,25.0,0
1386,2024-12-24 23:22:00+00:00,8.58674926746,21.89333333333333,6.8,21.0,25.0,0
1387,2024-12-24 23:23:00+00:00,8.58674926746,21.88,6.8,21.0,25.0,0
1388,2024-12-24 23:24:00+00:00,8.58674926746,21.866666666666667,6.8,21.0,25.0,0
1389,2024-12-24 23:25:00+00:00,8.58674926746,21.866666666666667,6.8,21.0,25.0,0
1390,2024-12-24 23:26:00+00:00,8.58674926746,21.85333333333333,6.8,21.0,25.0,0
1391,2024-12-24 23:27:00+00:00,8.58674926746,21.846666666666668,6.8,21.0,25.0,0
1392,2024-12-24 23:28:00+00:00,8.58674926746,21.83333333333333,6.8,21.0,25.0,0
1393,2024-12-24 23:29:00+00:00,8.58674926746,21.826666666666668,6.8,21.0,25.0,0
1394,2024-12-24 23:30:00+00:00,8.58674926746,21.82,7.2,21.0,25.0,0
1395,2024-12-24 23:31:00+00:00,8.58674926746,21.813333333333333,7.2,21.0,25.0,0
1396,2024-12-24 23:32:00+00:00,8.58674926746,21.82,7.2,21.0,25.0,0
1397,2024-12-24 23:33:00+00:00,8.58674926746,21.82,7.2,21.0,25.0,0
1398,2024-12-24 23:34:00+00:00,8.58674926746,21.82,7.2,21.0,25.0,0
1399,2024-12-24 23:35:00+00:00,8.58674926746,21.813333333333333,7.2,21.0,25.0,0
1400,2024-12-24 23:36:00+00:00,8.58674926746,21.80666666666667,7.2,21.0,25.0,0
1401,2024-12-24 23:37:00+00:00,8.58674926746,21.826666666666664,7.2,21.0,25.0,0
1402,2024-12-24 23:38:00+00:00,8.58674926746,21.826666666666664,7.2,21.0,25.0,0
1403,2024-12-24 23:39:00+00:00,8.58674926746,21.83333333333333,7.2,21.0,25.0,0
1404,2024-12-24 23:40:00+00:00,8.58674926746,21.84,7.2,21.0,25.0,0
1405,2024-12-24 23:41:00+00:00,8.58674926746,21.84,7.2,21.0,25.0,0
1406,2024-12-24 23:42:00+00:00,8.58674926746,21.846666666666668,7.2,21.0,25.0,0
1407,2024-12-24 23:43:00+00:00,8.58674926746,21.846666666666668,7.2,21.0,25.0,0
1408,2024-12-24 23:44:00+00:00,8.58674926746,21.85333333333333,7.2,21.0,25.0,0
1409,2024-12-24 23:45:00+00:00,8.58674926746,21.86,7.2,21.0,25.0,0
1410,2024-12-24 23:46:00+00:00,8.58674926746,21.866666666666667,7.2,21.0,25.0,0
1411,2024-12-24 23:47:00+00:00,8.58674926746,21.866666666666667,7.2,21.0,25.0,0
1412,2024-12-24 23:48:00+00:00,8.58674926746,21.866666666666667,7.2,21.0,25.0,0
1413,2024-12-24 23:49:00+00:00,8.58674926746,21.87333333333333,7.2,21.0,25.0,0
1414,2024-12-24 23:50:00+00:00,8.58674926746,21.87333333333333,7.2,21.0,25.0,0
1415,2024-12-24 23:51:00+00:00,8.58674926746,21.866666666666667,7.2,21.0,25.0,0
1416,2024-12-24 23:52:00+00:00,8.58674926746,21.857142857142858,7.2,21.0,25.0,0
1417,2024-12-24 23:53:00+00:00,8.58674926746,21.861538461538466,7.2,21.0,25.0,0
1418,2024-12-24 23:55:00+00:00,8.58674926746,21.85833333333333,7.2,21.0,25.0,0
1419,2024-12-24 23:56:00+00:00,8.58674926746,21.85454545454545,7.2,21.0,25.0,0
1420,2024-12-24 23:57:00+00:00,8.58674926746,21.86,7.2,21.0,25.0,0
1421,2024-12-24 23:58:00+00:00,8.58674926746,21.855555555555554,7.2,21.0,25.0,0
1422,2024-12-24 23:59:00+00:00,8.58674926746,21.8625,7.2,21.0,25.0,0
