,time,solar_watt,room_temp,ambient_temp,heating_setpoint,cooling_setpoint,lux,wind
0,2025-02-02 00:00:00+00:00,3.408203125,21.1875,1.1,20.7000007629,24.7000007629,2.116985321,0.6778202057
1,2025-02-02 00:01:00+00:00,3.408203125,21.188888888888886,1.1,20.7000007629,24.7000007629,2.1737241745,0.6778202057
2,2025-02-02 00:02:00+00:00,3.408203125,21.18,1.1,20.7000007629,24.7000007629,2.1485359669,0.6778202057
3,2025-02-02 00:03:00+00:00,3.408203125,21.181818181818183,1.1,20.7000007629,24.7000007629,2.1382875443,0.6778202057
4,2025-02-02 00:04:00+00:00,3.408203125,21.175,1.1,20.7000007629,24.7000007629,2.1093575954,0.6778202057
5,2025-02-02 00:05:00+00:00,3.408203125,21.176923076923078,1.1,20.7000007629,24.7000007629,2.1466743946,0.6778202057
6,2025-02-02 00:06:00+00:00,3.408203125,21.17142857142857,1.1,20.7000007629,24.7000007629,2.1574923992,0.6778202057
7,2025-02-02 00:07:00+00:00,3.408203125,21.166666666666668,1.1,20.7000007629,24.7000007629,2.1467585564,0.6778202057
8,2025-02-02 00:08:00+00:00,3.408203125,21.166666666666668,1.1,20.7000007629,24.7000007629,2.1161768436,0.6778202057
9,2025-02-02 00:09:00+00:00,3.408203125,21.166666666666668,1.1,20.7000007629,24.7000007629,2.1020095348,0.6778202057
10,2025-02-02 00:10:00+00:00,3.408203125,21.16,1.1,20.7000007629,24.7000007629,2.0986263752,0.6778202057
11,2025-02-02 00:12:00+00:00,3.408203125,21.153333333333332,1.1,20.7000007629,24.7000007629,2.1507081985,0.6778202057
12,2025-02-02 00:13:00+00:00,3.408203125,21.14,1.1,20.7000007629,24.7000007629,2.1236269474,0.6778202057
13,2025-02-02 00:14:00+00:00,3.408203125,21.133333333333333,1.1,20.7000007629,24.7000007629,2.133658886,0.6778202057
14,2025-02-02 00:15:00+00:00,3.408203125,21.12666666666667,1.1,20.7000007629,24.7000007629,2.0899751186,0.6778202057
15,2025-02-02 00:16:00+00:00,3.408203125,21.126666666666665,1.1,20.7000007629,24.7000007629,2.0640091896,0.6778202057
16,2025-02-02 00:17:00+00:00,3.408203125,21.12,1.1,20.7000007629,24.7000007629,2.1405363083,0.6778202057
17,2025-02-02 00:18:00+00:00,3.408203125,21.126666666666665,1.1,20.7000007629,24.7000007629,2.1885764599,0.6778202057
18,2025-02-02 00:19:00+00:00,3.408203125,21.12,1.1,20.7000007629,24.7000007629,2.1921110153,0.6778202057
19,2025-02-02 00:20:00+00:00,3.408203125,21.126666666666665,1.1,20.7000007629,24.7000007629,2.1446225643,0.6778202057
20,2025-02-02 00:21:00+00:00,3.408203125,21.12,1.1,20.7000007629,24.7000007629,2.1194663048,0.6778202057
21,2025-02-02 00:22:00+00:00,3.408203125,21.12,1.1,20.7000007629,24.7000007629,2.1173892021,0.6778202057
22,2025-02-02 00:23:00+00:00,3.408203125,21.12666666666667,1.1,20.7000007629,24.7000007629,2.1779608727,0.6778202057
23,2025-02-02 00:24:00+00:00,3.408203125,21.12666666666667,1.1,20.7000007629,24.7000007629,2.1697728634,0.6778202057
24,2025-02-02 00:25:00+00:00,3.408203125,21.12666666666667,1.1,20.7000007629,24.7000007629,2.1389536858,0.6778202057
25,2025-02-02 00:26:00+00:00,3.408203125,21.133333333333333,1.1,20.7000007629,24.7000007629,2.1062335968,0.6778202057
26,2025-02-02 00:27:00+00:00,3.408203125,21.133333333333333,1.1,20.7000007629,24.7000007629,2.1103522778,0.6778202057
27,2025-02-02 00:28:00+00:00,3.408203125,21.139999999999997,1.1,20.7000007629,24.7000007629,2.2127828598,0.6778202057
28,2025-02-02 00:29:00+00:00,3.408203125,21.14,1.1,20.7000007629,24.7000007629,2.184002161,0.6778202057
29,2025-02-02 00:30:00+00:00,3.408203125,21.14,1.2,20.7000007629,24.7000007629,2.1677200794,0.6778202057
30,2025-02-02 00:31:00+00:00,3.408203125,21.139999999999997,1.2,20.7000007629,24.7000007629,2.1445076466,0.6778202057
31,2025-02-02 00:32:00+00:00,3.408203125,21.133333333333333,1.2,20.7000007629,24.7000007629,2.1028017998,0.6778202057
32,2025-02-02 00:33:00+00:00,3.408203125,21.12666666666667,1.2,20.7000007629,24.7000007629,2.1103503704,0.6778202057
33,2025-02-02 00:34:00+00:00,3.408203125,21.12,1.2,20.7000007629,24.7000007629,2.1532554626,0.6778202057
34,2025-02-02 00:35:00+00:00,3.408203125,21.113333333333337,1.2,20.7000007629,24.7000007629,2.1377413273,0.6778202057
35,2025-02-02 00:36:00+00:00,3.408203125,21.12,1.2,20.7000007629,24.7000007629,2.0915067196,0.6778202057
36,2025-02-02 00:37:00+00:00,3.408203125,21.12666666666667,1.2,20.7000007629,24.7000007629,2.1078853607,0.6778202057
37,2025-02-02 00:38:00+00:00,3.408203125,21.126666666666665,1.2,20.7000007629,24.7000007629,2.1453781128,0.6778202057
38,2025-02-02 00:39:00+00:00,3.408203125,21.113333333333333,1.2,20.7000007629,24.7000007629,2.1968798637,0.6778202057
39,2025-02-02 00:40:00+00:00,3.408203125,21.1,1.2,20.7000007629,24.7000007629,2.2312619686,0.6778202057
40,2025-02-02 00:41:00+00:00,3.408203125,21.093333333333337,1.2,20.7000007629,24.7000007629,2.1426002979,0.6778202057
41,2025-02-02 00:42:00+00:00,3.408203125,21.09333333333333,1.2,20.7000007629,24.7000007629,2.1032981873,0.6778202057
42,2025-02-02 00:43:00+00:00,3.408203125,21.10666666666667,1.2,20.7000007629,24.7000007629,2.1280066967,0.6778202057
43,2025-02-02 00:44:00+00:00,3.408203125,21.113333333333333,1.2,20.7000007629,24.7000007629,2.1541895866,0.6778202057
44,2025-02-02 00:45:00+00:00,3.408203125,21.119999999999997,1.2,20.7000007629,24.7000007629,2.1630899906,0.6778202057
45,2025-02-02 00:46:00+00:00,3.408203125,21.12666666666667,1.2,20.7000007629,24.7000007629,2.1286189556,0.6778202057
46,2025-02-02 00:47:00+00:00,3.408203125,21.14,1.2,20.7000007629,24.7000007629,2.0934178829,0.6778202057
47,2025-02-02 00:48:00+00:00,3.408203125,21.14,1.2,20.7000007629,24.7000007629,2.0885527134,0.6778202057
48,2025-02-02 00:49:00+00:00,3.408203125,21.146666666666665,1.2,20.7000007629,24.7000007629,2.1286218166,0.6778202057
49,2025-02-02 00:50:00+00:00,3.408203125,21.14666666666667,1.2,20.7000007629,24.7000007629,2.1248383522,0.6778202057
50,2025-02-02 00:51:00+00:00,3.408203125,21.139999999999997,1.2,20.7000007629,24.7000007629,2.1074090004,0.6778202057
51,2025-02-02 00:52:00+00:00,3.408203125,21.133333333333333,1.2,20.7000007629,24.7000007629,2.0916469097,0.6778202057
52,2025-02-02 00:53:00+00:00,3.408203125,21.133333333333333,1.2,20.7000007629,24.7000007629,2.0900399685,0.6778202057
53,2025-02-02 00:54:00+00:00,3.408203125,21.146666666666665,1.2,20.7000007629,24.7000007629,2.1002967358,0.6778202057
54,2025-02-02 00:55:00+00:00,3.408203125,21.146666666666665,1.2,20.7000007629,24.7000007629,2.1335718632,0.6778202057
55,2025-02-02 00:56:00+00:00,3.408203125,21.146666666666665,1.2,20.7000007629,24.7000007629,2.1823689938,0.6778202057
56,2025-02-02 00:57:00+00:00,3.408203125,21.14666666666667,1.2,20.7000007629,24.7000007629,2.1529877186,0.6778202057
57,2025-02-02 00:58:00+00:00,3.408203125,21.133333333333333,1.2,20.7000007629,24.7000007629,2.1045730114,0.6778202057
58,2025-02-02 00:59:00+00:00,3.408203125,21.12666666666667,1.2,20.7000007629,24.7000007629,2.1043334007,0.6778202057
59,2025-02-02 01:00:00+00:00,3.408203125,21.120000000000005,1.2,20.7000007629,24.7000007629,2.1262481213,0.6778202057
60,2025-02-02 01:01:00+00:00,3.408203125,21.113333333333333,1.2,20.7000007629,24.7000007629,2.1086647511,0.6778202057
61,2025-02-02 01:02:00+00:00,3.408203125,21.10666666666667,1.2,20.7000007629,24.7000007629,2.0956146717,0.6778202057
62,2025-02-02 01:03:00+00:00,3.408203125,21.1,1.2,20.7000007629,24.7000007629,2.0809230804,0.6778202057
63,2025-02-02 01:04:00+00:00,3.408203125,21.1,1.2,20.7000007629,24.7000007629,2.0838809013,0.6778202057
64,2025-02-02 01:05:00+00:00,3.408203125,21.1,1.2,20.7000007629,24.7000007629,2.0864849091,0.6778202057
65,2025-02-02 01:06:00+00:00,3.408203125,21.100000000000005,1.2,20.7000007629,24.7000007629,2.1478629112,0.6778202057
66,2025-02-02 01:07:00+00:00,3.408203125,21.1,1.2,20.7000007629,24.7000007629,2.1374373436,0.6778202057
67,2025-02-02 01:08:00+00:00,3.408203125,21.086666666666666,1.2,20.7000007629,24.7000007629,2.1195809841,0.6778202057
68,2025-02-02 01:09:00+00:00,3.408203125,21.080000000000002,1.2,20.7000007629,24.7000007629,2.1073765755,0.6778202057
69,2025-02-02 01:10:00+00:00,3.408203125,21.08666666666667,1.2,20.7000007629,24.7000007629,2.1588065624,0.6778202057
70,2025-02-02 01:11:00+00:00,3.408203125,21.080000000000002,1.2,20.7000007629,24.7000007629,2.1390068531,0.6778202057
71,2025-02-02 01:12:00+00:00,3.408203125,21.086666666666666,1.2,20.7000007629,24.7000007629,2.1634118557,0.6778202057
72,2025-02-02 01:13:00+00:00,3.408203125,21.086666666666666,1.2,20.7000007629,24.7000007629,2.1361341476,0.6778202057
73,2025-02-02 01:14:00+00:00,3.408203125,21.086666666666666,1.2,20.7000007629,24.7000007629,2.1276054382,0.6778202057
74,2025-02-02 01:15:00+00:00,3.408203125,21.08666666666667,1.2,20.7000007629,24.7000007629,2.126950264,0.6778202057
75,2025-02-02 01:16:00+00:00,3.408203125,21.086666666666666,1.2,20.7000007629,24.7000007629,2.1420452595,0.6778202057
76,2025-02-02 01:17:00+00:00,3.408203125,21.086666666666666,1.2,20.7000007629,24.7000007629,2.1879730225,0.6778202057
77,2025-02-02 01:18:00+00:00,3.408203125,21.09333333333333,1.2,20.7000007629,24.7000007629,2.1530320644,0.6778202057
78,2025-02-02 01:19:00+00:00,3.408203125,21.093333333333337,1.2,20.7000007629,24.7000007629,2.1135828495,0.6778202057
79,2025-02-02 01:20:00+00:00,3.408203125,21.1,1.2,20.7000007629,24.7000007629,2.0969178677,0.6778202057
80,2025-02-02 01:21:00+00:00,3.408203125,21.09333333333333,1.2,20.7000007629,24.7000007629,2.1043059826,0.6778202057
81,2025-02-02 01:22:00+00:00,3.408203125,21.093333333333337,1.2,20.7000007629,24.7000007629,2.11794734,0.6778202057
82,2025-02-02 01:23:00+00:00,3.408203125,21.12666666666667,1.2,20.7000007629,24.7000007629,2.1780128479,0.6778202057
83,2025-02-02 01:24:00+00:00,3.408203125,21.113333333333333,1.2,20.7000007629,24.7000007629,2.1522297859,0.6778202057
84,2025-02-02 01:25:00+00:00,3.408203125,21.12666666666667,1.2,20.7000007629,24.7000007629,2.1149570942,0.6778202057
85,2025-02-02 01:26:00+00:00,3.408203125,21.139999999999997,1.2,20.7000007629,24.7000007629,2.0899271965,0.6778202057
86,2025-02-02 01:27:00+00:00,3.408203125,21.133333333333333,1.2,20.7000007629,24.7000007629,2.1422879696,0.6778202057
87,2025-02-02 01:28:00+00:00,3.408203125,21.133333333333333,1.2,20.7000007629,24.7000007629,2.1628477573,0.6778202057
88,2025-02-02 01:29:00+00:00,3.408203125,21.133333333333333,1.2,20.7000007629,24.7000007629,2.1343319416,0.6778202057
89,2025-02-02 01:30:00+00:00,3.408203125,21.139999999999997,1.3,20.7000007629,24.7000007629,2.147154808,0.6778202057
90,2025-02-02 01:31:00+00:00,3.408203125,21.14,1.3,20.7000007629,24.7000007629,2.1318264008,0.6778202057
91,2025-02-02 01:32:00+00:00,3.408203125,21.14,1.3,20.7000007629,24.7000007629,2.1136636734,0.6778202057
92,2025-02-02 01:33:00+00:00,3.408203125,21.133333333333336,1.3,20.7000007629,24.7000007629,2.1454982758,0.6778202057
93,2025-02-02 01:34:00+00:00,3.408203125,21.14,1.3,20.7000007629,24.7000007629,2.1711854935,0.6778202057
94,2025-02-02 01:35:00+00:00,3.408203125,21.14,1.3,20.7000007629,24.7000007629,2.1254835129,0.6778202057
95,2025-02-02 01:36:00+00:00,3.408203125,21.14666666666667,1.3,20.7000007629,24.7000007629,2.0995042324,0.6778202057
96,2025-02-02 01:37:00+00:00,3.408203125,21.146666666666665,1.3,20.7000007629,24.7000007629,2.1159274578,0.6778202057
97,2025-02-02 01:38:00+00:00,3.408203125,21.12,1.3,20.7000007629,24.7000007629,2.1681234837,0.6778202057
98,2025-02-02 01:39:00+00:00,3.408203125,21.133333333333333,1.3,20.7000007629,24.7000007629,2.1792449951,0.6778202057
99,2025-02-02 01:40:00+00:00,3.408203125,21.12666666666667,1.3,20.7000007629,24.7000007629,2.1341700554,0.6778202057
100,2025-02-02 01:41:00+00:00,3.408203125,21.12,1.3,20.7000007629,24.7000007629,2.0933170319,0.6778202057
101,2025-02-02 01:42:00+00:00,3.408203125,21.12,1.3,20.7000007629,24.7000007629,2.1107087135,0.6778202057
102,2025-02-02 01:43:00+00:00,3.408203125,21.113333333333337,1.3,20.7000007629,24.7000007629,2.1117713451,0.6778202057
103,2025-02-02 01:44:00+00:00,3.408203125,21.113333333333337,1.3,20.7000007629,24.7000007629,2.151465416,0.6778202057
104,2025-02-02 01:45:00+00:00,3.408203125,21.1,1.3,20.7000007629,24.7000007629,2.1690068245,0.6778202057
105,2025-02-02 01:46:00+00:00,3.408203125,21.1,1.3,20.7000007629,24.7000007629,2.1227083206,0.6778202057
106,2025-02-02 01:47:00+00:00,3.408203125,21.1,1.3,20.7000007629,24.7000007629,2.1066503525,0.6778202057
107,2025-02-02 01:48:00+00:00,3.408203125,21.113333333333333,1.3,20.7000007629,24.7000007629,2.0840232372,0.6778202057
108,2025-02-02 01:49:00+00:00,3.408203125,21.1,1.3,20.7000007629,24.7000007629,2.0793118477,0.6778202057
109,2025-02-02 01:50:00+00:00,3.408203125,21.093333333333337,1.3,20.7000007629,24.7000007629,2.1260735989,0.6778202057
110,2025-02-02 01:51:00+00:00,3.408203125,21.09333333333333,1.3,20.7000007629,24.7000007629,2.1145751476,0.6778202057
111,2025-02-02 01:52:00+00:00,3.408203125,21.093333333333337,1.3,20.7000007629,24.7000007629,2.0993528366,0.6778202057
112,2025-02-02 01:53:00+00:00,3.408203125,21.09333333333333,1.3,20.7000007629,24.7000007629,2.112770319,0.6778202057
113,2025-02-02 01:54:00+00:00,3.408203125,21.093333333333337,1.3,20.7000007629,24.7000007629,2.1044118404,0.6778202057
114,2025-02-02 01:55:00+00:00,3.408203125,21.086666666666666,1.3,20.7000007629,24.7000007629,2.1678144932,0.6778202057
115,2025-02-02 01:56:00+00:00,3.408203125,21.093333333333337,1.3,20.7000007629,24.7000007629,2.1490588188,0.6778202057
116,2025-02-02 01:57:00+00:00,3.408203125,21.1,1.3,20.7000007629,24.7000007629,2.1283242702,0.6778202057
117,2025-02-02 01:58:00+00:00,3.408203125,21.10666666666667,1.3,20.7000007629,24.7000007629,2.1119508743,0.6778202057
118,2025-02-02 01:59:00+00:00,3.408203125,21.106666666666666,1.3,20.7000007629,24.7000007629,2.0926246643,0.6778202057
119,2025-02-02 02:00:00+00:00,3.408203125,21.113333333333337,1.3,20.7000007629,24.7000007629,2.1510131359,0.6778202057
120,2025-02-02 02:01:00+00:00,3.408203125,21.12,1.3,20.7000007629,24.7000007629,2.144980669,0.6778202057
121,2025-02-02 02:02:00+00:00,3.408203125,21.12,1.3,20.7000007629,24.7000007629,2.1429569721,0.6778202057
122,2025-02-02 02:03:00+00:00,3.408203125,21.12,1.3,20.7000007629,24.7000007629,2.1176764965,0.6778202057
123,2025-02-02 02:04:00+00:00,3.408203125,21.12666666666667,1.3,20.7000007629,24.7000007629,2.1056025028,0.6778202057
124,2025-02-02 02:05:00+00:00,3.408203125,21.126666666666665,1.3,20.7000007629,24.7000007629,2.0931801796,0.6778202057
125,2025-02-02 02:06:00+00:00,3.408203125,21.12666666666667,1.3,20.7000007629,24.7000007629,2.1764867306,0.6778202057
126,2025-02-02 02:07:00+00:00,3.408203125,21.133333333333333,1.3,20.7000007629,24.7000007629,2.1596930027,0.6778202057
127,2025-02-02 02:08:00+00:00,3.408203125,21.12666666666667,1.3,20.7000007629,24.7000007629,2.1236901283,0.6778202057
128,2025-02-02 02:09:00+00:00,3.408203125,21.133333333333333,1.3,20.7000007629,24.7000007629,2.1119322777,0.6778202057
129,2025-02-02 02:10:00+00:00,3.408203125,21.133333333333333,1.3,20.7000007629,24.7000007629,2.1522555351,0.6778202057
130,2025-02-02 02:11:00+00:00,3.408203125,21.126666666666665,1.3,20.7000007629,24.7000007629,2.1774320602,0.6778202057
131,2025-02-02 02:12:00+00:00,3.408203125,21.12,1.3,20.7000007629,24.7000007629,2.1767306328,0.6778202057
132,2025-02-02 02:13:00+00:00,3.408203125,21.12,1.3,20.7000007629,24.7000007629,2.1499724388,0.6778202057
133,2025-02-02 02:14:00+00:00,3.408203125,21.12,1.3,20.7000007629,24.7000007629,2.1214826107,0.6778202057
134,2025-02-02 02:16:00+00:00,3.408203125,21.12,1.3,20.7000007629,24.7000007629,2.1298971176,0.6778202057
135,2025-02-02 02:17:00+00:00,3.408203125,21.113333333333337,1.3,20.7000007629,24.7000007629,2.1317298412,0.6778202057
136,2025-02-02 02:18:00+00:00,3.408203125,21.113333333333333,1.3,20.7000007629,24.7000007629,2.1140904427,0.6778202057
137,2025-02-02 02:19:00+00:00,3.408203125,21.10666666666667,1.3,20.7000007629,24.7000007629,2.0843212605,0.6778202057
138,2025-02-02 02:20:00+00:00,3.408203125,21.106666666666666,1.3,20.7000007629,24.7000007629,2.0562155247,0.6778202057
139,2025-02-02 02:21:00+00:00,3.408203125,21.10666666666667,1.3,20.7000007629,24.7000007629,2.0964574814,0.6778202057
140,2025-02-02 02:22:00+00:00,3.408203125,21.1,1.3,20.7000007629,24.7000007629,2.0902533531,0.6778202057
141,2025-02-02 02:23:00+00:00,3.408203125,21.086666666666666,1.3,20.7000007629,24.7000007629,2.1090836525,0.6778202057
142,2025-02-02 02:24:00+00:00,3.408203125,21.086666666666666,1.3,20.7000007629,24.7000007629,2.1001396179,0.6778202057
143,2025-02-02 02:25:00+00:00,3.408203125,21.080000000000002,1.3,20.7000007629,24.7000007629,2.1003456116,0.6778202057
144,2025-02-02 02:26:00+00:00,3.408203125,21.08,1.3,20.7000007629,24.7000007629,2.0949048996,0.6778202057
145,2025-02-02 02:27:00+00:00,3.408203125,21.080000000000002,1.3,20.7000007629,24.7000007629,2.1295025349,0.6778202057
146,2025-02-02 02:29:00+00:00,3.408203125,21.073333333333334,1.3,20.7000007629,24.7000007629,2.1041946411,0.6778202057
147,2025-02-02 02:30:00+00:00,3.408203125,21.066666666666666,1.4,20.7000007629,24.7000007629,2.0814819336,0.6778202057
148,2025-02-02 02:31:00+00:00,3.408203125,21.053333333333335,1.4,20.7000007629,24.7000007629,2.0799527168,0.6778202057
149,2025-02-02 02:32:00+00:00,3.408203125,21.046666666666667,1.4,20.7000007629,24.7000007629,2.1224014759,0.6778202057
150,2025-02-02 02:33:00+00:00,3.408203125,21.04,1.4,20.7000007629,24.7000007629,2.1403653622,0.6778202057
151,2025-02-02 02:34:00+00:00,3.408203125,21.033333333333335,1.4,20.7000007629,24.7000007629,2.1323764324,0.6778202057
152,2025-02-02 02:35:00+00:00,3.408203125,21.040000000000003,1.4,20.7000007629,24.7000007629,2.1070773602,0.6778202057
153,2025-02-02 02:36:00+00:00,3.408203125,21.040000000000003,1.4,20.7000007629,24.7000007629,2.0976746082,0.6778202057
154,2025-02-02 02:37:00+00:00,3.408203125,21.033333333333335,1.4,20.7000007629,24.7000007629,2.135392189,0.6778202057
155,2025-02-02 02:38:00+00:00,3.408203125,21.033333333333335,1.4,20.7000007629,24.7000007629,2.1265456676,0.6778202057
156,2025-02-02 02:39:00+00:00,3.408203125,21.040000000000003,1.4,20.7000007629,24.7000007629,2.1633515358,0.6778202057
157,2025-02-02 02:40:00+00:00,3.408203125,21.046666666666667,1.4,20.7000007629,24.7000007629,2.1266701221,0.6778202057
158,2025-02-02 02:41:00+00:00,3.408203125,21.046666666666667,1.4,20.7000007629,24.7000007629,2.0781416893,0.6778202057
159,2025-02-02 02:42:00+00:00,3.408203125,21.04666666666667,1.4,20.7000007629,24.7000007629,2.1205554008,0.6778202057
160,2025-02-02 02:43:00+00:00,3.408203125,21.046666666666667,1.4,20.7000007629,24.7000007629,2.1394424438,0.6778202057
161,2025-02-02 02:44:00+00:00,3.408203125,21.053333333333335,1.4,20.7000007629,24.7000007629,2.1319639683,0.6778202057
162,2025-02-02 02:45:00+00:00,3.408203125,21.06,1.4,20.7000007629,24.7000007629,2.1144292355,0.6778202057
163,2025-02-02 02:46:00+00:00,3.408203125,21.073333333333334,1.4,20.7000007629,24.7000007629,2.1074368954,0.6778202057
164,2025-02-02 02:47:00+00:00,3.408203125,21.073333333333334,1.4,20.7000007629,24.7000007629,2.1383900642,0.6778202057
165,2025-02-02 02:48:00+00:00,3.408203125,21.086666666666666,1.4,20.7000007629,24.7000007629,2.1839187145,0.6778202057
166,2025-02-02 02:49:00+00:00,3.408203125,21.093333333333337,1.4,20.7000007629,24.7000007629,2.1665694714,0.6778202057
167,2025-02-02 02:50:00+00:00,3.408203125,21.08666666666667,1.4,20.7000007629,24.7000007629,2.1489882469,0.6778202057
168,2025-02-02 02:51:00+00:00,3.408203125,21.086666666666666,1.4,20.7000007629,24.7000007629,2.1348736286,0.6778202057
169,2025-02-02 02:52:00+00:00,3.408203125,21.086666666666666,1.4,20.7000007629,24.7000007629,2.1378889084,0.6778202057
170,2025-02-02 02:53:00+00:00,3.408203125,21.093333333333337,1.4,20.7000007629,24.7000007629,2.1598615646,0.6778202057
171,2025-02-02 02:54:00+00:00,3.408203125,21.09333333333333,1.4,20.7000007629,24.7000007629,2.2356219292,0.6778202057
172,2025-02-02 02:55:00+00:00,3.408203125,21.093333333333337,1.4,20.7000007629,24.7000007629,2.1650862694,0.6778202057
173,2025-02-02 02:56:00+00:00,3.408203125,21.1,1.4,20.7000007629,24.7000007629,2.1125392914,0.6778202057
174,2025-02-02 02:57:00+00:00,3.408203125,21.09333333333333,1.4,20.7000007629,24.7000007629,2.1100001335,0.6778202057
175,2025-02-02 02:58:00+00:00,3.408203125,21.1,1.4,20.7000007629,24.7000007629,2.1334242821,0.6778202057
176,2025-02-02 02:59:00+00:00,3.408203125,21.10666666666667,1.4,20.7000007629,24.7000007629,2.2461652756,0.6778202057
177,2025-02-02 03:00:00+00:00,3.408203125,21.113333333333333,1.4,20.7000007629,24.7000007629,2.2326545715,0.6778202057
178,2025-02-02 03:01:00+00:00,3.408203125,21.113333333333333,1.4,20.7000007629,24.7000007629,2.1457903385,0.6778202057
179,2025-02-02 03:02:00+00:00,3.408203125,21.113333333333333,1.4,20.7000007629,24.7000007629,2.1146068573,0.6778202057
180,2025-02-02 03:03:00+00:00,3.408203125,21.10666666666667,1.4,20.7000007629,24.7000007629,2.148619175,0.6778202057
181,2025-02-02 03:04:00+00:00,3.408203125,21.1,1.4,20.7000007629,24.7000007629,2.1211514473,0.6778202057
182,2025-02-02 03:05:00+00:00,3.408203125,21.106666666666666,1.4,20.7000007629,24.7000007629,2.1296460629,0.6778202057
183,2025-02-02 03:06:00+00:00,3.408203125,21.1,1.4,20.7000007629,24.7000007629,2.11216712,0.6778202057
184,2025-02-02 03:07:00+00:00,3.408203125,21.113333333333333,1.4,20.7000007629,24.7000007629,2.0879528522,0.6778202057
185,2025-02-02 03:08:00+00:00,3.408203125,21.106666666666666,1.4,20.7000007629,24.7000007629,2.095236063,0.6778202057
186,2025-02-02 03:09:00+00:00,3.408203125,21.1,1.4,20.7000007629,24.7000007629,2.13662076,0.6778202057
187,2025-02-02 03:10:00+00:00,3.408203125,21.09333333333333,1.4,20.7000007629,24.7000007629,2.1497542858,0.6778202057
188,2025-02-02 03:11:00+00:00,3.408203125,21.08,1.4,20.7000007629,24.7000007629,2.166946888,0.6778202057
189,2025-02-02 03:12:00+00:00,3.408203125,21.093333333333337,1.4,20.7000007629,24.7000007629,2.1504855156,0.6778202057
190,2025-02-02 03:13:00+00:00,3.408203125,21.086666666666666,1.4,20.7000007629,24.7000007629,2.1075251102,0.6778202057
191,2025-02-02 03:14:00+00:00,3.408203125,21.08,1.4,20.7000007629,24.7000007629,2.1405835152,0.6778202057
192,2025-02-02 03:16:00+00:00,3.408203125,21.066666666666666,1.4,20.7000007629,24.7000007629,2.218606472,0.6778202057
193,2025-02-02 03:17:00+00:00,3.408203125,21.060000000000002,1.4,20.7000007629,24.7000007629,2.1501874924,0.6778202057
194,2025-02-02 03:18:00+00:00,3.408203125,21.066666666666666,1.4,20.7000007629,24.7000007629,2.129250288,0.6778202057
195,2025-02-02 03:19:00+00:00,3.408203125,21.066666666666666,1.4,20.7000007629,24.7000007629,2.1356990337,0.6778202057
196,2025-02-02 03:20:00+00:00,3.408203125,21.066666666666666,1.4,20.7000007629,24.7000007629,2.163693428,0.6778202057
197,2025-02-02 03:21:00+00:00,3.408203125,21.066666666666666,1.4,20.7000007629,24.7000007629,2.1975603104,0.6778202057
198,2025-02-02 03:22:00+00:00,3.408203125,21.066666666666666,1.4,20.7000007629,24.7000007629,2.1631529331,0.6778202057
199,2025-02-02 03:23:00+00:00,3.408203125,21.060000000000002,1.4,20.7000007629,24.7000007629,2.1513957977,0.6778202057
200,2025-02-02 03:24:00+00:00,3.408203125,21.060000000000002,1.4,20.7000007629,24.7000007629,2.1190285683,0.6778202057
201,2025-02-02 03:25:00+00:00,3.408203125,21.060000000000002,1.4,20.7000007629,24.7000007629,2.1357116699,0.6778202057
202,2025-02-02 03:26:00+00:00,3.408203125,21.060000000000002,1.4,20.7000007629,24.7000007629,2.1088795662,0.6778202057
203,2025-02-02 03:27:00+00:00,3.408203125,21.06666666666667,1.4,20.7000007629,24.7000007629,2.1710526943,0.6778202057
204,2025-02-02 03:28:00+00:00,3.408203125,21.06,1.4,20.7000007629,24.7000007629,2.1230111122,0.6778202057
205,2025-02-02 03:29:00+00:00,3.408203125,21.066666666666666,1.4,20.7000007629,24.7000007629,2.1026210785,0.6778202057
206,2025-02-02 03:30:00+00:00,3.408203125,21.066666666666666,1.2,20.7000007629,24.7000007629,2.1014881134,0.6778202057
207,2025-02-02 03:31:00+00:00,3.408203125,21.073333333333334,1.2,20.7000007629,24.7000007629,2.134488821,0.6778202057
208,2025-02-02 03:32:00+00:00,3.408203125,21.073333333333334,1.2,20.7000007629,24.7000007629,2.1591243744,0.6778202057
209,2025-02-02 03:33:00+00:00,3.408203125,21.07333333333333,1.2,20.7000007629,24.7000007629,2.1513478756,0.6778202057
210,2025-02-02 03:34:00+00:00,3.408203125,21.073333333333334,1.2,20.7000007629,24.7000007629,2.1246874332,0.6778202057
211,2025-02-02 03:35:00+00:00,3.408203125,21.080000000000002,1.2,20.7000007629,24.7000007629,2.0974731445,0.6778202057
212,2025-02-02 03:36:00+00:00,3.408203125,21.073333333333334,1.2,20.7000007629,24.7000007629,2.1440317631,0.6778202057
213,2025-02-02 03:37:00+00:00,3.408203125,21.080000000000002,1.2,20.7000007629,24.7000007629,2.1792900562,0.6778202057
214,2025-02-02 03:38:00+00:00,3.408203125,21.08,1.2,20.7000007629,24.7000007629,2.1883637905,0.6778202057
215,2025-02-02 03:39:00+00:00,3.408203125,21.08,1.2,20.7000007629,24.7000007629,2.1369972229,0.6778202057
216,2025-02-02 03:40:00+00:00,3.408203125,21.086666666666666,1.2,20.7000007629,24.7000007629,2.1031923294,0.6778202057
217,2025-02-02 03:41:00+00:00,3.408203125,21.086666666666666,1.2,20.7000007629,24.7000007629,2.1104040146,0.6778202057
218,2025-02-02 03:42:00+00:00,3.408203125,21.07333333333333,1.2,20.7000007629,24.7000007629,2.1531023979,0.6778202057
219,2025-02-02 03:43:00+00:00,3.408203125,21.073333333333334,1.2,20.7000007629,24.7000007629,2.1752216816,0.6778202057
220,2025-02-02 03:44:00+00:00,3.408203125,21.060000000000002,1.2,20.7000007629,24.7000007629,2.1112127304,0.6778202057
221,2025-02-02 03:45:00+00:00,3.408203125,21.053333333333335,1.2,20.7000007629,24.7000007629,2.0781686306,0.6778202057
222,2025-02-02 03:46:00+00:00,3.408203125,21.053333333333335,1.2,20.7000007629,24.7000007629,2.0866997242,0.6778202057
223,2025-02-02 03:47:00+00:00,3.408203125,21.053333333333335,1.2,20.7000007629,24.7000007629,2.1686120033,0.6778202057
224,2025-02-02 03:48:00+00:00,3.408203125,21.04666666666667,1.2,20.7000007629,24.7000007629,2.1455430984,0.6778202057
225,2025-02-02 03:49:00+00:00,3.408203125,21.040000000000003,1.2,20.7000007629,24.7000007629,2.131885767,0.6778202057
226,2025-02-02 03:50:00+00:00,3.408203125,21.046666666666667,1.2,20.7000007629,24.7000007629,2.0959427357,0.6778202057
227,2025-02-02 03:51:00+00:00,3.408203125,21.046666666666667,1.2,20.7000007629,24.7000007629,2.0846545696,0.6778202057
228,2025-02-02 03:52:00+00:00,3.408203125,21.046666666666667,1.2,20.7000007629,24.7000007629,2.133918047,0.6778202057
229,2025-02-02 03:53:00+00:00,3.408203125,21.040000000000003,1.2,20.7000007629,24.7000007629,2.1409554482,0.6778202057
230,2025-02-02 03:54:00+00:00,3.408203125,21.04666666666667,1.2,20.7000007629,24.7000007629,2.1276683807,0.6778202057
231,2025-02-02 03:55:00+00:00,3.408203125,21.046666666666667,1.2,20.7000007629,24.7000007629,2.1607680321,0.6778202057
232,2025-02-02 03:56:00+00:00,3.408203125,21.046666666666667,1.2,20.7000007629,24.7000007629,2.1266970634,0.6778202057
233,2025-02-02 03:57:00+00:00,3.408203125,21.053333333333335,1.2,20.7000007629,24.7000007629,2.1301543713,0.6778202057
234,2025-02-02 03:58:00+00:00,3.408203125,21.046666666666667,1.2,20.7000007629,24.7000007629,2.1516487598,0.6778202057
235,2025-02-02 03:59:00+00:00,3.408203125,21.033333333333335,1.2,20.7000007629,24.7000007629,2.1954374313,0.6778202057
236,2025-02-02 04:00:00+00:00,3.408203125,21.033333333333335,1.2,20.7000007629,24.7000007629,2.1511337757,0.6778202057
237,2025-02-02 04:01:00+00:00,3.408203125,21.026666666666664,1.2,20.7000007629,24.7000007629,2.1265087128,0.6778202057
238,2025-02-02 04:02:00+00:00,3.408203125,21.026666666666664,1.2,20.7000007629,24.7000007629,2.0885484219,0.6778202057
239,2025-02-02 04:04:00+00:00,3.408203125,21.019999999999996,1.2,20.7000007629,24.7000007629,2.1036021709,0.6778202057
240,2025-02-02 04:05:00+00:00,3.408203125,21.019999999999996,1.2,20.7000007629,24.7000007629,2.097464323,0.6778202057
241,2025-02-02 04:06:00+00:00,3.408203125,21.0,1.2,20.7000007629,24.7000007629,2.1022114754,0.6778202057
242,2025-02-02 04:07:00+00:00,3.408203125,21.0,1.2,20.7000007629,24.7000007629,2.0728228092,0.6778202057
243,2025-02-02 04:08:00+00:00,3.408203125,21.0,1.2,20.7000007629,24.7000007629,2.1176614761,0.6778202057
244,2025-02-02 04:09:00+00:00,3.408203125,21.0,1.2,20.7000007629,24.7000007629,2.1268324852,0.6778202057
245,2025-02-02 04:10:00+00:00,3.408203125,21.0,1.2,20.7000007629,24.7000007629,2.1672677994,0.6778202057
246,2025-02-02 04:11:00+00:00,3.408203125,20.993333333333336,1.2,20.7000007629,24.7000007629,2.1309139729,0.6778202057
247,2025-02-02 04:12:00+00:00,3.408203125,20.993333333333336,1.2,20.7000007629,24.7000007629,2.1100273132,0.6778202057
248,2025-02-02 04:13:00+00:00,3.408203125,20.993333333333336,1.2,20.7000007629,24.7000007629,2.1501414776,0.6778202057
249,2025-02-02 04:14:00+00:00,3.408203125,20.993333333333336,1.2,20.7000007629,24.7000007629,2.1892790794,0.6778202057
250,2025-02-02 04:15:00+00:00,3.408203125,21.006666666666668,1.2,20.7000007629,24.7000007629,2.1737823486,0.6778202057
251,2025-02-02 04:16:00+00:00,3.408203125,21.006666666666668,1.2,20.7000007629,24.7000007629,2.1749432087,0.6778202057
252,2025-02-02 04:17:00+00:00,3.408203125,21.006666666666668,1.2,20.7000007629,24.7000007629,2.1331057549,0.6778202057
253,2025-02-02 04:18:00+00:00,3.408203125,21.006666666666668,1.2,20.7000007629,24.7000007629,2.1279988289,0.6778202057
254,2025-02-02 04:19:00+00:00,3.408203125,21.013333333333335,1.2,20.7000007629,24.7000007629,2.1285612583,0.6778202057
255,2025-02-02 04:20:00+00:00,3.408203125,21.013333333333335,1.2,20.7000007629,24.7000007629,2.1933333874,0.6778202057
256,2025-02-02 04:21:00+00:00,3.408203125,21.02,1.2,20.7000007629,24.7000007629,2.1652033329,0.6778202057
257,2025-02-02 04:22:00+00:00,3.408203125,21.013333333333335,1.2,20.7000007629,24.7000007629,2.1321473122,0.6778202057
258,2025-02-02 04:23:00+00:00,3.408203125,21.006666666666668,1.2,20.7000007629,24.7000007629,2.0972192287,0.6778202057
259,2025-02-02 04:24:00+00:00,3.408203125,21.006666666666668,1.2,20.7000007629,24.7000007629,2.0981891155,0.6778202057
260,2025-02-02 04:25:00+00:00,3.408203125,21.006666666666664,1.2,20.7000007629,24.7000007629,2.1667523384,0.6778202057
261,2025-02-02 04:27:00+00:00,3.408203125,21.013333333333332,1.2,20.7000007629,24.7000007629,2.1581945419,0.6778202057
262,2025-02-02 04:28:00+00:00,3.408203125,21.013333333333332,1.2,20.7000007629,24.7000007629,2.1210947037,0.6778202057
263,2025-02-02 04:29:00+00:00,3.408203125,21.013333333333332,1.2,20.7000007629,24.7000007629,2.107473135,0.6778202057
264,2025-02-02 04:30:00+00:00,3.408203125,21.013333333333332,1.4,20.7000007629,24.7000007629,2.157913208,0.6778202057
265,2025-02-02 04:31:00+00:00,3.408203125,21.013333333333332,1.4,20.7000007629,24.7000007629,2.1877455711,0.6778202057
266,2025-02-02 04:32:00+00:00,3.408203125,21.006666666666664,1.4,20.7000007629,24.7000007629,2.1690142155,0.6778202057
267,2025-02-02 04:33:00+00:00,3.408203125,21.006666666666664,1.4,20.7000007629,24.7000007629,2.1478316784,0.6778202057
268,2025-02-02 04:34:00+00:00,3.408203125,21.006666666666664,1.4,20.7000007629,24.7000007629,2.1397769451,0.6778202057
269,2025-02-02 04:35:00+00:00,3.408203125,21.006666666666664,1.4,20.7000007629,24.7000007629,2.1451556683,0.6778202057
270,2025-02-02 04:36:00+00:00,3.408203125,21.006666666666664,1.4,20.7000007629,24.7000007629,2.1657922268,0.6778202057
271,2025-02-02 04:37:00+00:00,3.408203125,21.006666666666664,1.4,20.7000007629,24.7000007629,2.1600828171,0.6778202057
272,2025-02-02 04:38:00+00:00,3.408203125,21.006666666666664,1.4,20.7000007629,24.7000007629,2.1707310677,0.6778202057
273,2025-02-02 04:39:00+00:00,3.408203125,21.006666666666664,1.4,20.7000007629,24.7000007629,2.1361680031,0.6778202057
274,2025-02-02 04:40:00+00:00,3.408203125,21.006666666666664,1.4,20.7000007629,24.7000007629,2.1292989254,0.6778202057
275,2025-02-02 04:41:00+00:00,3.408203125,21.0,1.4,20.7000007629,24.7000007629,2.1384296417,0.6778202057
276,2025-02-02 04:42:00+00:00,3.408203125,20.993333333333332,1.4,20.7000007629,24.7000007629,2.1704609394,0.6778202057
277,2025-02-02 04:43:00+00:00,3.408203125,20.993333333333332,1.4,20.7000007629,24.7000007629,2.1622548103,0.6778202057
278,2025-02-02 04:44:00+00:00,3.408203125,20.993333333333332,1.4,20.7000007629,24.7000007629,2.1229081154,0.6778202057
279,2025-02-02 04:45:00+00:00,3.408203125,20.993333333333332,1.4,20.7000007629,24.7000007629,2.1337013245,0.6778202057
280,2025-02-02 04:46:00+00:00,3.408203125,20.993333333333332,1.4,20.7000007629,24.7000007629,2.166970253,0.6778202057
281,2025-02-02 04:47:00+00:00,3.408203125,20.993333333333336,1.4,20.7000007629,24.7000007629,2.1686034203,0.6778202057
282,2025-02-02 04:48:00+00:00,3.408203125,20.993333333333336,1.4,20.7000007629,24.7000007629,2.2117090225,0.6778202057
283,2025-02-02 04:49:00+00:00,3.408203125,21.0,1.4,20.7000007629,24.7000007629,2.2143192291,0.6778202057
284,2025-02-02 04:50:00+00:00,3.408203125,21.0,1.4,20.7000007629,24.7000007629,2.161771059,0.6778202057
285,2025-02-02 04:51:00+00:00,3.408203125,20.993333333333336,1.4,20.7000007629,24.7000007629,2.1285758018,0.6778202057
286,2025-02-02 04:52:00+00:00,3.408203125,20.993333333333336,1.4,20.7000007629,24.7000007629,2.1936099529,0.6778202057
287,2025-02-02 04:53:00+00:00,3.408203125,20.993333333333336,1.4,20.7000007629,24.7000007629,2.1850187778,0.6778202057
288,2025-02-02 04:54:00+00:00,3.408203125,20.993333333333336,1.4,20.7000007629,24.7000007629,2.2125968933,0.6778202057
289,2025-02-02 04:55:00+00:00,3.408203125,20.993333333333336,1.4,20.7000007629,24.7000007629,2.1525943279,0.6778202057
290,2025-02-02 04:56:00+00:00,3.408203125,20.993333333333336,1.4,20.7000007629,24.7000007629,2.1305570602,0.6778202057
291,2025-02-02 04:57:00+00:00,3.408203125,20.993333333333336,1.4,20.7000007629,24.7000007629,2.1270260811,0.6778202057
292,2025-02-02 04:58:00+00:00,3.408203125,20.986666666666668,1.4,20.7000007629,24.7000007629,2.1817831993,0.6778202057
293,2025-02-02 04:59:00+00:00,3.408203125,20.993333333333336,1.4,20.7000007629,24.7000007629,2.1727318764,0.6778202057
294,2025-02-02 05:00:00+00:00,3.408203125,20.986666666666668,1.4,20.7000007629,24.7000007629,2.125112772,0.6778202057
295,2025-02-02 05:01:00+00:00,3.408203125,20.986666666666668,1.4,20.7000007629,24.7000007629,2.0930354595,0.6778202057
296,2025-02-02 05:02:00+00:00,3.408203125,20.986666666666665,1.4,20.7000007629,24.7000007629,2.079972744,0.6778202057
297,2025-02-02 05:03:00+00:00,3.408203125,20.986666666666665,1.4,20.7000007629,24.7000007629,2.0775589943,0.6778202057
298,2025-02-02 05:04:00+00:00,3.408203125,20.980000000000004,1.4,20.7000007629,24.7000007629,2.1010358334,0.6778202057
299,2025-02-02 05:05:00+00:00,3.408203125,20.980000000000004,1.4,20.7000007629,24.7000007629,2.1708800793,0.6778202057
300,2025-02-02 05:06:00+00:00,3.408203125,20.986666666666665,1.4,20.7000007629,24.7000007629,2.1681940556,0.6778202057
301,2025-02-02 05:07:00+00:00,3.408203125,20.986666666666665,1.4,20.7000007629,24.7000007629,2.1216845512,0.6778202057
302,2025-02-02 05:08:00+00:00,3.408203125,20.986666666666665,1.4,20.7000007629,24.7000007629,2.1117601395,0.6778202057
303,2025-02-02 05:09:00+00:00,3.408203125,20.993333333333332,1.4,20.7000007629,24.7000007629,2.098253727,0.6778202057
304,2025-02-02 05:10:00+00:00,3.408203125,21.0,1.4,20.7000007629,24.7000007629,2.1107251644,0.6778202057
305,2025-02-02 05:11:00+00:00,3.408203125,21.006666666666664,1.4,20.7000007629,24.7000007629,2.1278984547,0.6778202057
306,2025-02-02 05:12:00+00:00,3.408203125,21.006666666666664,1.4,20.7000007629,24.7000007629,2.0749776363,0.6778202057
307,2025-02-02 05:13:00+00:00,3.408203125,21.006666666666668,1.4,20.7000007629,24.7000007629,2.0793836117,0.6778202057
308,2025-02-02 05:14:00+00:00,3.408203125,20.993333333333332,1.4,20.7000007629,24.7000007629,2.1045670509,0.6778202057
309,2025-02-02 05:15:00+00:00,3.408203125,21.0,1.4,20.7000007629,24.7000007629,2.159465313,0.6778202057
310,2025-02-02 05:16:00+00:00,3.408203125,20.993333333333332,1.4,20.7000007629,24.7000007629,2.1700270176,0.6778202057
311,2025-02-02 05:17:00+00:00,3.408203125,21.0,1.4,20.7000007629,24.7000007629,2.1318721771,0.6778202057
312,2025-02-02 05:18:00+00:00,3.408203125,21.013333333333335,1.4,20.7000007629,24.7000007629,2.1051926613,0.6778202057
313,2025-02-02 05:19:00+00:00,3.408203125,21.006666666666668,1.4,20.7000007629,24.7000007629,2.1292965412,0.6778202057
314,2025-02-02 05:20:00+00:00,3.408203125,21.0,1.4,20.7000007629,24.7000007629,2.1837081909,0.6778202057
315,2025-02-02 05:21:00+00:00,3.408203125,21.0,1.4,20.7000007629,24.7000007629,2.1553878784,0.6778202057
316,2025-02-02 05:22:00+00:00,3.408203125,21.0,1.4,20.7000007629,24.7000007629,2.119204998,0.6778202057
317,2025-02-02 05:23:00+00:00,3.408203125,21.026666666666667,1.4,20.7000007629,24.7000007629,2.1087670326,0.6778202057
318,2025-02-02 05:24:00+00:00,3.408203125,21.02,1.4,20.7000007629,24.7000007629,2.0995953083,0.6778202057
319,2025-02-02 05:25:00+00:00,3.408203125,21.006666666666664,1.4,20.7000007629,24.7000007629,2.1326444149,0.6778202057
320,2025-02-02 05:26:00+00:00,3.408203125,20.993333333333336,1.4,20.7000007629,24.7000007629,2.1895959377,0.6778202057
321,2025-02-02 05:27:00+00:00,3.408203125,20.993333333333336,1.4,20.7000007629,24.7000007629,2.1844770908,0.6778202057
322,2025-02-02 05:28:00+00:00,3.408203125,21.0,1.4,20.7000007629,24.7000007629,2.1541130543,0.6778202057
323,2025-02-02 05:29:00+00:00,3.408203125,21.006666666666668,1.4,20.7000007629,24.7000007629,2.1077497005,0.6778202057
324,2025-02-02 05:30:00+00:00,3.408203125,21.006666666666668,1.7,20.7000007629,24.7000007629,2.1153235435,0.6778202057
325,2025-02-02 05:31:00+00:00,3.408203125,21.013333333333335,1.7,20.7000007629,24.7000007629,2.1392641068,0.6778202057
326,2025-02-02 05:32:00+00:00,3.408203125,21.013333333333335,1.7,20.7000007629,24.7000007629,2.1435678005,0.6778202057
327,2025-02-02 05:33:00+00:00,3.408203125,21.0,1.7,20.7000007629,24.7000007629,2.1510601044,1.6847248077
328,2025-02-02 05:34:00+00:00,3.408203125,21.006666666666668,1.7,20.7000007629,24.7000007629,2.1255040169,1.6847248077
329,2025-02-02 05:35:00+00:00,3.408203125,21.013333333333335,1.7,20.7000007629,24.7000007629,2.1250681877,1.6847248077
330,2025-02-02 05:36:00+00:00,3.408203125,21.013333333333335,1.7,20.7000007629,24.7000007629,2.1626102924,1.6847248077
331,2025-02-02 05:37:00+00:00,3.408203125,21.013333333333335,1.7,20.7000007629,24.7000007629,2.1684308052,1.6847248077
332,2025-02-02 05:38:00+00:00,3.408203125,20.98,1.7,20.7000007629,24.7000007629,2.1608612537,1.6847248077
333,2025-02-02 05:39:00+00:00,3.408203125,20.98,1.7,20.7000007629,24.7000007629,2.1329705715,1.6847248077
334,2025-02-02 05:40:00+00:00,3.408203125,20.98,1.7,20.7000007629,24.7000007629,2.1022820473,1.6847248077
335,2025-02-02 05:41:00+00:00,3.408203125,20.986666666666665,1.7,20.7000007629,24.7000007629,2.1612486839,1.6847248077
336,2025-02-02 05:42:00+00:00,3.408203125,20.993333333333332,1.7,20.7000007629,24.7000007629,2.1500551701,1.6847248077
337,2025-02-02 05:43:00+00:00,3.408203125,20.993333333333332,1.7,20.7000007629,24.7000007629,2.1626899242,1.6847248077
338,2025-02-02 05:44:00+00:00,3.408203125,21.0,1.7,20.7000007629,24.7000007629,2.1366131306,1.6847248077
339,2025-02-02 05:45:00+00:00,3.408203125,21.0,1.7,20.7000007629,24.7000007629,2.1054828167,1.6847248077
340,2025-02-02 05:46:00+00:00,3.408203125,20.993333333333332,1.7,20.7000007629,24.7000007629,2.1639616489,1.6847248077
341,2025-02-02 05:47:00+00:00,3.408203125,20.98,1.7,20.7000007629,24.7000007629,2.1533961296,1.6847248077
342,2025-02-02 05:48:00+00:00,3.408203125,20.98,1.7,20.7000007629,24.7000007629,2.1859993935,1.6847248077
343,2025-02-02 05:49:00+00:00,3.408203125,20.98,1.7,20.7000007629,24.7000007629,2.1335442066,1.6847248077
344,2025-02-02 05:50:00+00:00,3.408203125,20.98,1.7,20.7000007629,24.7000007629,2.1281790733,1.6847248077
345,2025-02-02 05:51:00+00:00,3.408203125,20.973333333333333,1.7,20.7000007629,24.7000007629,2.1335725784,1.6847248077
346,2025-02-02 05:52:00+00:00,3.408203125,20.973333333333333,1.7,20.7000007629,24.7000007629,2.145111084,1.6847248077
347,2025-02-02 05:53:00+00:00,3.408203125,20.98,1.7,20.7000007629,24.7000007629,2.134714365,1.6847248077
348,2025-02-02 05:54:00+00:00,3.408203125,20.98,1.7,20.7000007629,24.7000007629,2.0872952938,1.6847248077
349,2025-02-02 05:56:00+00:00,3.408203125,20.980000000000004,1.7,20.7000007629,24.7000007629,2.0693809986,1.6847248077
350,2025-02-02 05:57:00+00:00,3.408203125,20.980000000000004,1.7,20.7000007629,24.7000007629,2.1468105316,1.6847248077
351,2025-02-02 05:58:00+00:00,3.408203125,20.973333333333336,1.7,20.7000007629,24.7000007629,2.1172149181,1.6847248077
352,2025-02-02 05:59:00+00:00,3.408203125,20.973333333333336,1.7,20.7000007629,24.7000007629,2.1290636063,1.6847248077
353,2025-02-02 06:00:00+00:00,3.408203125,20.966666666666665,1.7,20.7000007629,24.7000007629,2.0725855827,1.6847248077
354,2025-02-02 06:01:00+00:00,3.408203125,20.966666666666665,1.7,20.7000007629,24.7000007629,2.0783922672,1.6847248077
355,2025-02-02 06:02:00+00:00,3.408203125,20.973333333333336,1.7,20.7000007629,24.7000007629,2.1670184135,1.6847248077
356,2025-02-02 06:03:00+00:00,3.408203125,20.986666666666665,1.7,20.7000007629,24.7000007629,2.1949467659,1.6847248077
357,2025-02-02 06:04:00+00:00,3.408203125,20.986666666666665,1.7,20.7000007629,24.7000007629,2.1962869167,1.6847248077
358,2025-02-02 06:05:00+00:00,3.408203125,20.986666666666665,1.7,20.7000007629,24.7000007629,2.1559011936,1.6847248077
359,2025-02-02 06:06:00+00:00,3.408203125,20.986666666666665,1.7,20.7000007629,24.7000007629,2.1271052361,1.6847248077
360,2025-02-02 06:07:00+00:00,3.408203125,20.993333333333332,1.7,20.7000007629,24.7000007629,2.107213974,1.6847248077
361,2025-02-02 06:08:00+00:00,3.408203125,20.986666666666668,1.7,20.7000007629,24.7000007629,2.1526842117,1.6847248077
362,2025-02-02 06:09:00+00:00,3.408203125,20.986666666666668,1.7,20.7000007629,24.7000007629,2.1291589737,1.6847248077
363,2025-02-02 06:10:00+00:00,3.408203125,20.98,1.7,20.7000007629,24.7000007629,2.1518011093,1.6847248077
364,2025-02-02 06:11:00+00:00,3.408203125,20.98,1.7,20.7000007629,24.7000007629,2.1337049007,1.6847248077
365,2025-02-02 06:12:00+00:00,3.408203125,20.973333333333336,1.7,20.7000007629,24.7000007629,2.1207687855,1.6847248077
366,2025-02-02 06:13:00+00:00,3.408203125,20.966666666666665,1.7,20.7000007629,24.7000007629,2.1424512863,1.6847248077
367,2025-02-02 06:14:00+00:00,3.408203125,20.96,1.7,20.7000007629,24.7000007629,2.1446318626,1.6847248077
368,2025-02-02 06:15:00+00:00,3.408203125,20.959999999999997,1.7,20.7000007629,24.7000007629,2.1195683479,1.6847248077
369,2025-02-02 06:16:00+00:00,3.408203125,20.959999999999997,1.7,20.7000007629,24.7000007629,2.101082325,1.6847248077
370,2025-02-02 06:17:00+00:00,3.408203125,20.95333333333333,1.7,20.7000007629,24.7000007629,2.1022212505,1.6847248077
371,2025-02-02 06:18:00+00:00,3.408203125,20.946666666666662,1.7,20.7000007629,24.7000007629,2.0868244171,1.6847248077
372,2025-02-02 06:19:00+00:00,3.408203125,20.946666666666662,1.7,20.7000007629,24.7000007629,2.111433506,1.6847248077
373,2025-02-02 06:20:00+00:00,3.408203125,20.946666666666662,1.7,20.7000007629,24.7000007629,2.1299095154,1.6847248077
374,2025-02-02 06:21:00+00:00,3.408203125,20.946666666666662,1.7,20.7000007629,24.7000007629,2.0966169834,1.6847248077
375,2025-02-02 06:22:00+00:00,3.408203125,20.939999999999998,1.7,20.7000007629,24.7000007629,2.0974636078,1.6847248077
376,2025-02-02 06:23:00+00:00,3.408203125,20.946666666666665,1.7,20.7000007629,24.7000007629,2.1007242203,1.6847248077
377,2025-02-02 06:24:00+00:00,3.408203125,20.939999999999998,1.7,20.7000007629,24.7000007629,2.1220178604,1.6847248077
378,2025-02-02 06:25:00+00:00,3.408203125,20.94,1.7,20.7000007629,24.7000007629,2.1417963505,1.6847248077
379,2025-02-02 06:26:00+00:00,3.408203125,20.93333333333333,1.7,20.7000007629,24.7000007629,2.157617569,1.6847248077
380,2025-02-02 06:27:00+00:00,3.408203125,20.939999999999998,1.7,20.7000007629,24.7000007629,2.1026403904,1.6847248077
381,2025-02-02 06:28:00+00:00,3.408203125,20.946666666666665,1.7,20.7000007629,24.7000007629,2.065952301,1.6847248077
382,2025-02-02 06:29:00+00:00,3.408203125,20.946666666666665,1.7,20.7000007629,24.7000007629,2.139621973,1.6847248077
383,2025-02-02 06:30:00+00:00,3.408203125,20.939999999999998,1.8,20.7000007629,24.7000007629,2.1508433819,1.6847248077
384,2025-02-02 06:31:00+00:00,3.408203125,20.933333333333334,1.8,20.7000007629,24.7000007629,2.1820371151,1.6847248077
385,2025-02-02 06:32:00+00:00,3.408203125,20.933333333333334,1.8,20.7000007629,24.7000007629,2.1540606022,1.6847248077
386,2025-02-02 06:33:00+00:00,3.408203125,20.933333333333334,1.8,20.7000007629,24.7000007629,2.1338005066,1.6847248077
387,2025-02-02 06:34:00+00:00,3.408203125,20.92666666666667,1.8,20.7000007629,24.7000007629,2.1717457771,1.6847248077
388,2025-02-02 06:35:00+00:00,3.408203125,20.919999999999998,1.8,20.7000007629,24.7000007629,2.1495366096,1.6847248077
389,2025-02-02 06:37:00+00:00,3.408203125,20.91333333333333,1.8,20.7000007629,24.7000007629,2.1074001789,1.6847248077
390,2025-02-02 06:38:00+00:00,3.408203125,20.919999999999998,1.8,20.7000007629,24.7000007629,2.0891609192,1.6847248077
391,2025-02-02 06:39:00+00:00,3.408203125,20.913333333333334,1.8,20.7000007629,24.7000007629,2.0763888359,1.6847248077
392,2025-02-02 06:40:00+00:00,3.408203125,20.92,1.8,20.7000007629,24.7000007629,2.1559569836,1.6847248077
393,2025-02-02 06:41:00+00:00,3.408203125,20.926666666666666,1.8,20.7000007629,24.7000007629,2.1625871658,1.6847248077
394,2025-02-02 06:42:00+00:00,3.408203125,20.94,1.8,20.7000007629,24.7000007629,2.1443481445,1.6847248077
395,2025-02-02 06:43:00+00:00,3.408203125,20.946666666666665,1.8,20.7000007629,24.7000007629,2.1520082951,1.6847248077
396,2025-02-02 06:44:00+00:00,3.408203125,20.946666666666665,1.8,20.7000007629,24.7000007629,2.112092495,1.6847248077
397,2025-02-02 06:45:00+00:00,3.408203125,20.946666666666665,1.8,20.7000007629,24.7000007629,2.1294090748,1.6847248077
398,2025-02-02 06:46:00+00:00,3.408203125,20.946666666666665,1.8,20.7000007629,24.7000007629,2.1430971622,1.6847248077
399,2025-02-02 06:47:00+00:00,3.408203125,20.946666666666665,1.8,20.7000007629,24.7000007629,2.1605122089,1.6847248077
400,2025-02-02 06:48:00+00:00,3.408203125,20.946666666666665,1.8,20.7000007629,24.7000007629,2.1213994026,1.6847248077
401,2025-02-02 06:49:00+00:00,3.408203125,20.946666666666665,1.8,20.7000007629,24.7000007629,2.1282613277,1.6847248077
402,2025-02-02 06:50:00+00:00,3.408203125,20.939999999999998,1.8,20.7000007629,24.7000007629,2.1284065247,1.6847248077
403,2025-02-02 06:51:00+00:00,3.408203125,20.94,1.8,20.7000007629,24.7000007629,2.1923718452,1.6847248077
404,2025-02-02 06:52:00+00:00,3.408203125,20.94,1.8,20.7000007629,24.7000007629,2.1906003952,1.6847248077
405,2025-02-02 06:53:00+00:00,3.408203125,20.94,1.8,20.7000007629,24.7000007629,2.1615133286,1.6847248077
406,2025-02-02 06:54:00+00:00,3.408203125,20.946666666666665,1.8,20.7000007629,24.7000007629,2.1072289944,1.6847248077
407,2025-02-02 06:55:00+00:00,3.408203125,20.946666666666665,1.8,20.7000007629,24.7000007629,2.0921988487,1.6847248077
408,2025-02-02 06:56:00+00:00,3.408203125,20.946666666666665,1.8,20.7000007629,24.7000007629,2.1384296417,1.6847248077
409,2025-02-02 06:57:00+00:00,3.408203125,20.946666666666665,1.8,20.7000007629,24.7000007629,2.1537337303,1.6847248077
410,2025-02-02 06:58:00+00:00,3.408203125,20.94,1.8,20.7000007629,24.7000007629,2.3471992016,1.6847248077
411,2025-02-02 06:59:00+00:00,3.408203125,20.94666666666667,1.8,20.7000007629,24.7000007629,3.2345430851,1.6847248077
412,2025-02-02 07:00:00+00:00,3.408203125,20.946666666666665,1.8,20.7000007629,24.7000007629,4.0545315742,1.6847248077
413,2025-02-02 07:01:00+00:00,3.408203125,20.953333333333333,1.8,20.7000007629,24.7000007629,4.5969939232,1.6847248077
414,2025-02-02 07:02:00+00:00,3.408203125,20.959999999999997,1.8,20.7000007629,24.7000007629,5.0290446281,1.6847248077
415,2025-02-02 07:03:00+00:00,3.408203125,20.966666666666665,1.8,20.7000007629,24.7000007629,5.3571338654,1.6847248077
416,2025-02-02 07:04:00+00:00,3.408203125,20.966666666666665,1.8,20.7000007629,24.7000007629,5.5156722069,1.6847248077
417,2025-02-02 07:05:00+00:00,3.408203125,20.986666666666668,1.8,20.7000007629,24.7000007629,5.6344518661,1.6847248077
418,2025-02-02 07:06:00+00:00,3.408203125,20.986666666666665,1.8,20.7000007629,24.7000007629,5.7521314621,1.6847248077
419,2025-02-02 07:07:00+00:00,3.408203125,20.986666666666668,1.8,20.7000007629,24.7000007629,5.8953714371,1.6847248077
420,2025-02-02 07:08:00+00:00,3.408203125,20.973333333333333,1.8,20.7000007629,24.7000007629,6.0028409958,1.6847248077
421,2025-02-02 07:09:00+00:00,3.408203125,20.973333333333333,1.8,20.7000007629,24.7000007629,6.0831875801,1.6847248077
422,2025-02-02 07:10:00+00:00,3.408203125,20.973333333333333,1.8,20.7000007629,24.7000007629,6.1077275276,1.6847248077
423,2025-02-02 07:11:00+00:00,3.408203125,20.966666666666665,1.8,20.7000007629,24.7000007629,6.1476039886,1.6847248077
424,2025-02-02 07:12:00+00:00,3.408203125,20.966666666666665,1.8,20.7000007629,24.7000007629,6.2641115189,1.6847248077
425,2025-02-02 07:13:00+00:00,3.408203125,20.959999999999997,1.8,20.7000007629,24.7000007629,6.3468179703,1.6847248077
426,2025-02-02 07:14:00+00:00,3.408203125,20.95333333333333,1.8,20.7000007629,24.7000007629,6.3736009598,1.6847248077
427,2025-02-02 07:15:00+00:00,3.408203125,20.953333333333333,1.8,20.7000007629,24.7000007629,6.3255133629,1.6847248077
428,2025-02-02 07:16:00+00:00,3.408203125,20.946666666666665,1.8,20.7000007629,24.7000007629,6.298699379,1.6847248077
429,2025-02-02 07:17:00+00:00,3.408203125,20.939999999999998,1.8,20.7000007629,24.7000007629,6.3413739204,1.6847248077
430,2025-02-02 07:18:00+00:00,3.408203125,20.933333333333334,1.8,20.7000007629,24.7000007629,6.3692789078,1.6847248077
431,2025-02-02 07:19:00+00:00,3.408203125,20.933333333333334,1.8,20.7000007629,24.7000007629,6.4039745331,1.6847248077
432,2025-02-02 07:20:00+00:00,3.408203125,20.919999999999998,1.8,20.7000007629,24.7000007629,6.4159941673,1.6847248077
433,2025-02-02 07:21:00+00:00,3.408203125,20.913333333333334,1.8,20.7000007629,24.7000007629,6.3707380295,1.6847248077
434,2025-02-02 07:22:00+00:00,3.408203125,20.906666666666663,1.8,20.7000007629,24.7000007629,6.3818287849,1.6847248077
435,2025-02-02 07:23:00+00:00,3.408203125,20.90666666666667,1.8,20.7000007629,24.7000007629,6.4030017853,1.6847248077
436,2025-02-02 07:24:00+00:00,3.408203125,20.9,1.8,20.7000007629,24.7000007629,6.4616465569,1.6847248077
437,2025-02-02 07:25:00+00:00,3.408203125,20.893333333333334,1.8,20.7000007629,24.7000007629,6.4503750801,1.6847248077
438,2025-02-02 07:26:00+00:00,3.408203125,20.886666666666663,1.8,20.7000007629,24.7000007629,6.4408512115,1.6847248077
439,2025-02-02 07:27:00+00:00,3.408203125,20.886666666666663,1.8,20.7000007629,24.7000007629,6.4100866318,1.6847248077
440,2025-02-02 07:28:00+00:00,3.408203125,20.89333333333333,1.8,20.7000007629,24.7000007629,6.4977903366,1.6847248077
441,2025-02-02 07:29:00+00:00,3.408203125,20.886666666666667,1.8,20.7000007629,24.7000007629,6.5362129211,1.6847248077
442,2025-02-02 07:30:00+00:00,3.408203125,20.89333333333333,2.0,20.7000007629,24.7000007629,6.5380182266,1.6847248077
443,2025-02-02 07:31:00+00:00,3.408203125,20.9,2.0,20.7000007629,24.7000007629,6.5441637039,1.6847248077
444,2025-02-02 07:32:00+00:00,3.408203125,20.9,2.0,20.7000007629,24.7000007629,6.5656690598,1.6847248077
445,2025-02-02 07:34:00+00:00,3.408203125,20.906666666666663,2.0,20.7000007629,24.7000007629,6.6978259087000005,1.6847248077
446,2025-02-02 07:35:00+00:00,3.408203125,20.90666666666667,2.0,20.7000007629,24.7000007629,6.7095971107,1.6847248077
447,2025-02-02 07:36:00+00:00,3.408203125,20.90666666666667,2.0,20.7000007629,24.7000007629,6.6952633858,1.6847248077
448,2025-02-02 07:37:00+00:00,3.408203125,20.92,2.0,20.7000007629,24.7000007629,6.7055587769,1.6847248077
449,2025-02-02 07:38:00+00:00,3.408203125,20.926666666666666,2.0,20.7000007629,24.7000007629,6.7368211746,1.6847248077
450,2025-02-02 07:39:00+00:00,3.408203125,20.933333333333334,2.0,20.7000007629,24.7000007629,6.7457432747,1.6847248077
451,2025-02-02 07:40:00+00:00,3.408203125,20.946666666666665,2.0,20.7000007629,24.7000007629,6.8046917915,1.6847248077
452,2025-02-02 07:41:00+00:00,3.408203125,20.95333333333333,2.0,20.7000007629,24.7000007629,6.9454402924,1.6847248077
453,2025-02-02 07:42:00+00:00,3.408203125,20.966666666666665,2.0,20.7000007629,24.7000007629,6.9746837616,1.6847248077
454,2025-02-02 07:43:00+00:00,3.408203125,20.966666666666665,2.0,20.7000007629,24.7000007629,7.1472144127,1.6847248077
455,2025-02-02 07:44:00+00:00,3.408203125,20.966666666666665,2.0,20.7000007629,24.7000007629,7.3655567169,1.6847248077
456,2025-02-02 07:45:00+00:00,3.408203125,20.966666666666665,2.0,20.7000007629,24.7000007629,7.5634884834,1.6847248077
457,2025-02-02 07:46:00+00:00,3.408203125,20.959999999999997,2.0,20.7000007629,24.7000007629,7.7297868729,0.6717472076000001
458,2025-02-02 07:47:00+00:00,3.408203125,20.95333333333333,2.0,20.7000007629,24.7000007629,7.7995324135,0.6717472076000001
459,2025-02-02 07:48:00+00:00,3.408203125,20.959999999999997,2.0,20.7000007629,24.7000007629,7.8091602325,0.6717472076000001
460,2025-02-02 07:49:00+00:00,3.408203125,20.959999999999997,2.0,20.7000007629,24.7000007629,7.8257613182,0.6717472076000001
461,2025-02-02 07:50:00+00:00,3.408203125,20.96666666666666,2.0,20.7000007629,24.7000007629,7.8308167458,0.6717472076000001
462,2025-02-02 07:52:00+00:00,3.408203125,20.966666666666665,2.0,20.7000007629,24.7000007629,7.8572025299,0.6717472076000001
463,2025-02-02 07:54:00+00:00,3.408203125,20.959999999999997,2.0,20.7000007629,24.7000007629,7.9196386337,0.6717472076000001
464,2025-02-02 07:55:00+00:00,3.408203125,20.96,2.0,20.7000007629,24.7000007629,7.9581503868,0.6717472076000001
465,2025-02-02 07:56:00+00:00,3.408203125,20.959999999999997,2.0,20.7000007629,24.7000007629,8.019030571,0.6717472076000001
466,2025-02-02 07:57:00+00:00,3.408203125,20.946666666666665,2.0,20.7000007629,24.7000007629,8.0758180618,0.6717472076000001
467,2025-02-02 07:58:00+00:00,3.408203125,20.946666666666665,2.0,20.7000007629,24.7000007629,8.0573749542,0.6717472076000001
468,2025-02-02 07:59:00+00:00,3.408203125,20.94,2.0,20.7000007629,24.7000007629,7.9888529778,0.6717472076000001
469,2025-02-02 08:00:00+00:00,3.408203125,20.933333333333334,2.0,20.7000007629,24.7000007629,7.930934906,0.6717472076000001
470,2025-02-02 08:02:00+00:00,3.408203125,20.926666666666666,2.0,20.7000007629,24.7000007629,7.8739271164,0.6717472076000001
471,2025-02-02 08:03:00+00:00,3.408203125,20.93333333333333,2.0,20.7000007629,24.7000007629,7.8526406288,0.6717472076000001
472,2025-02-02 08:04:00+00:00,3.408203125,20.933333333333334,2.0,20.7000007629,24.7000007629,7.8618645668,0.6717472076000001
473,2025-02-02 08:05:00+00:00,3.408203125,20.94,2.0,20.7000007629,24.7000007629,7.946064949,0.6717472076000001
474,2025-02-02 08:06:00+00:00,3.408203125,20.933333333333334,2.0,20.7000007629,24.7000007629,8.0270643234,0.6717472076000001
475,2025-02-02 08:07:00+00:00,3.408203125,20.92666666666667,2.0,20.7000007629,24.7000007629,8.1630506516,0.6717472076000001
476,2025-02-02 08:08:00+00:00,3.408203125,20.92666666666667,2.0,20.7000007629,24.7000007629,8.5128936768,0.6717472076000001
477,2025-02-02 08:09:00+00:00,3.408203125,20.926666666666666,2.0,20.7000007629,24.7000007629,8.8692302704,0.6717472076000001
478,2025-02-02 08:10:00+00:00,5.4735107422,20.92,2.0,20.7000007629,24.7000007629,9.1530408859,0.6717472076000001
479,2025-02-02 08:11:00+00:00,5.4735107422,20.919999999999998,2.0,20.7000007629,24.7000007629,9.3310613632,0.6717472076000001
480,2025-02-02 08:12:00+00:00,5.4735107422,20.919999999999998,2.0,20.7000007629,24.7000007629,9.4588441849,0.6717472076000001
481,2025-02-02 08:13:00+00:00,5.4735107422,20.92,2.0,20.7000007629,24.7000007629,9.5241298676,0.6717472076000001
482,2025-02-02 08:14:00+00:00,5.4735107422,20.913333333333334,2.0,20.7000007629,24.7000007629,9.5708608627,0.6717472076000001
483,2025-02-02 08:15:00+00:00,5.4735107422,20.913333333333334,2.0,20.7000007629,24.7000007629,9.6180229187,0.6717472076000001
484,2025-02-02 08:16:00+00:00,7.5299072266,20.913333333333334,2.0,20.7000007629,24.7000007629,9.6935939789,0.6717472076000001
485,2025-02-02 08:17:00+00:00,7.5299072266,20.913333333333334,2.0,20.7000007629,24.7000007629,9.8872566223,0.6717472076000001
486,2025-02-02 08:18:00+00:00,7.5299072266,20.90666666666667,2.0,20.7000007629,24.7000007629,10.0126056671,0.6717472076000001
487,2025-02-02 08:19:00+00:00,7.5299072266,20.913333333333334,2.0,20.7000007629,24.7000007629,10.1574621201,0.6717472076000001
488,2025-02-02 08:20:00+00:00,7.5299072266,20.906666666666663,2.0,20.7000007629,24.7000007629,10.3374252319,0.6717472076000001
489,2025-02-02 08:21:00+00:00,7.5299072266,20.90666666666667,2.0,20.7000007629,24.7000007629,10.5257873535,0.6717472076000001
490,2025-02-02 08:22:00+00:00,7.5299072266,20.906666666666663,2.0,20.7000007629,24.7000007629,10.7070198059,0.6717472076000001
491,2025-02-02 08:23:00+00:00,9.5866699219,20.89333333333333,2.0,20.7000007629,24.7000007629,10.8664741516,0.6717472076000001
492,2025-02-02 08:24:00+00:00,9.5866699219,20.89333333333333,2.0,20.7000007629,24.7000007629,10.9235277176,0.6717472076000001
493,2025-02-02 08:25:00+00:00,9.5866699219,20.906666666666663,2.0,20.7000007629,24.7000007629,11.0193185806,0.6717472076000001
494,2025-02-02 08:26:00+00:00,9.5866699219,20.906666666666663,2.0,20.7000007629,24.7000007629,11.0161161423,0.6717472076000001
495,2025-02-02 08:27:00+00:00,9.5866699219,20.906666666666663,2.0,20.7000007629,24.7000007629,11.0397453308,0.6717472076000001
496,2025-02-02 08:28:00+00:00,9.5866699219,20.906666666666663,2.0,20.7000007629,24.7000007629,11.0520420074,0.6717472076000001
497,2025-02-02 08:29:00+00:00,9.5866699219,20.90666666666667,2.0,20.7000007629,24.7000007629,11.1260814667,0.6717472076000001
498,2025-02-02 08:30:00+00:00,9.5866699219,20.906666666666663,2.2,20.7000007629,24.7000007629,11.4377393723,0.6717472076000001
499,2025-02-02 08:31:00+00:00,11.6578369141,20.9,2.2,20.7000007629,24.7000007629,11.612575531,0.6717472076000001
500,2025-02-02 08:32:00+00:00,11.6578369141,20.9,2.2,20.7000007629,24.7000007629,11.781955719,1.6928138733
501,2025-02-02 08:33:00+00:00,11.6578369141,20.89333333333333,2.2,20.7000007629,24.7000007629,12.0381002426,1.6928138733
502,2025-02-02 08:34:00+00:00,11.6578369141,20.886666666666663,2.2,20.7000007629,24.7000007629,12.0456323624,1.6928138733
503,2025-02-02 08:35:00+00:00,11.6578369141,20.886666666666667,2.2,20.7000007629,24.7000007629,11.9705810547,1.6928138733
504,2025-02-02 08:36:00+00:00,11.6578369141,20.886666666666663,2.2,20.7000007629,24.7000007629,11.9875650406,1.6928138733
505,2025-02-02 08:37:00+00:00,11.6578369141,20.886666666666663,2.2,20.7000007629,24.7000007629,12.0563154221,1.6928138733
506,2025-02-02 08:38:00+00:00,11.6578369141,20.89333333333333,2.2,20.7000007629,24.7000007629,12.1101789474,1.6928138733
507,2025-02-02 08:39:00+00:00,11.6578369141,20.89333333333333,2.2,20.7000007629,24.7000007629,12.0811738968,1.6928138733
508,2025-02-02 08:40:00+00:00,11.6578369141,20.88,2.2,20.7000007629,24.7000007629,12.128490448,1.6928138733
509,2025-02-02 08:41:00+00:00,11.6578369141,20.88,2.2,20.7000007629,24.7000007629,11.9759817123,1.6928138733
510,2025-02-02 08:42:00+00:00,11.6578369141,20.886666666666663,2.2,20.7000007629,24.7000007629,11.9107952118,1.6928138733
511,2025-02-02 08:43:00+00:00,11.6578369141,20.88,2.2,20.7000007629,24.7000007629,11.8168449402,1.6928138733
512,2025-02-02 08:44:00+00:00,11.6578369141,20.88,2.2,20.7000007629,24.7000007629,11.7971792221,1.6928138733
513,2025-02-02 08:45:00+00:00,11.6578369141,20.886666666666667,2.2,20.7000007629,24.7000007629,11.7327861786,1.6928138733
514,2025-02-02 08:46:00+00:00,11.6578369141,20.9,2.2,20.7000007629,24.7000007629,11.6781435013,1.6928138733
515,2025-02-02 08:47:00+00:00,11.6578369141,20.9,2.2,20.7000007629,24.7000007629,11.4757213593,1.6928138733
516,2025-02-02 08:48:00+00:00,11.6578369141,20.913333333333334,2.2,20.7000007629,24.7000007629,11.3767881393,1.6928138733
517,2025-02-02 08:49:00+00:00,11.6578369141,20.92,2.2,20.7000007629,24.7000007629,11.3807029724,1.6928138733
518,2025-02-02 08:50:00+00:00,11.6578369141,20.919999999999998,2.2,20.7000007629,24.7000007629,11.3665904999,1.6928138733
519,2025-02-02 08:51:00+00:00,11.6578369141,20.92,2.2,20.7000007629,24.7000007629,11.3764476776,1.6928138733
520,2025-02-02 08:52:00+00:00,11.6578369141,20.92,2.2,20.7000007629,24.7000007629,11.3639259338,1.6928138733
521,2025-02-02 08:53:00+00:00,11.6578369141,20.926666666666666,2.2,20.7000007629,24.7000007629,11.3418931961,1.6928138733
522,2025-02-02 08:55:00+00:00,11.6578369141,20.926666666666666,2.2,20.7000007629,24.7000007629,11.6120462418,1.6928138733
523,2025-02-02 08:56:00+00:00,11.6578369141,20.939999999999998,2.2,20.7000007629,24.7000007629,11.8227891922,1.6928138733
524,2025-02-02 08:57:00+00:00,11.6578369141,20.94,2.2,20.7000007629,24.7000007629,12.0527896881,1.6928138733
525,2025-02-02 08:58:00+00:00,11.6578369141,20.933333333333334,2.2,20.7000007629,24.7000007629,12.2561416626,1.6928138733
526,2025-02-02 08:59:00+00:00,11.6578369141,20.946666666666665,2.2,20.7000007629,24.7000007629,12.557135582,1.6928138733
527,2025-02-02 09:00:00+00:00,11.6578369141,20.946666666666665,2.2,20.7000007629,24.7000007629,12.9878492355,1.6928138733
528,2025-02-02 09:01:00+00:00,13.7390136719,20.939999999999998,2.2,20.7000007629,24.7000007629,13.3764848709,1.6928138733
529,2025-02-02 09:02:00+00:00,13.7390136719,20.93333333333333,2.2,20.7000007629,24.7000007629,13.7732391357,1.6928138733
530,2025-02-02 09:03:00+00:00,13.7390136719,20.933333333333334,2.2,20.7000007629,24.7000007629,14.1744470596,1.6928138733
531,2025-02-02 09:04:00+00:00,13.7390136719,20.926666666666666,2.2,20.7000007629,24.7000007629,14.3743104935,1.6928138733
532,2025-02-02 09:05:00+00:00,15.8587646484,20.919999999999998,2.2,20.7000007629,24.7000007629,14.6739702225,1.6928138733
533,2025-02-02 09:06:00+00:00,15.8587646484,20.926666666666666,2.2,20.7000007629,24.7000007629,14.9753990173,1.6928138733
534,2025-02-02 09:07:00+00:00,15.8587646484,20.926666666666666,2.2,20.7000007629,24.7000007629,15.1556634903,1.6928138733
535,2025-02-02 09:08:00+00:00,15.8587646484,20.92,2.2,20.7000007629,24.7000007629,15.2169084549,1.6928138733
536,2025-02-02 09:09:00+00:00,17.8983154297,20.913333333333334,2.2,20.7000007629,24.7000007629,15.2410850525,1.6928138733
537,2025-02-02 09:10:00+00:00,17.8983154297,20.90666666666667,2.2,20.7000007629,24.7000007629,15.2689304352,1.6928138733
538,2025-02-02 09:11:00+00:00,17.8983154297,20.9,2.2,20.7000007629,24.7000007629,15.291097641,1.6928138733
539,2025-02-02 09:12:00+00:00,17.8983154297,20.9,2.2,20.7000007629,24.7000007629,15.4603376389,1.6928138733
540,2025-02-02 09:13:00+00:00,17.8983154297,20.9,2.2,20.7000007629,24.7000007629,15.4485721588,1.6928138733
541,2025-02-02 09:14:00+00:00,17.8983154297,20.89333333333333,2.2,20.7000007629,24.7000007629,15.4322156906,1.6928138733
542,2025-02-02 09:15:00+00:00,17.8983154297,20.886666666666663,2.2,20.7000007629,24.7000007629,15.5066671371,1.6928138733
543,2025-02-02 09:16:00+00:00,19.9857177734,20.886666666666663,2.2,20.7000007629,24.7000007629,15.5201969147,1.6928138733
544,2025-02-02 09:17:00+00:00,19.9857177734,20.886666666666667,2.2,20.7000007629,24.7000007629,15.4154825211,1.6928138733
545,2025-02-02 09:18:00+00:00,19.9857177734,20.89333333333333,2.2,20.7000007629,24.7000007629,15.2360610962,1.6928138733
546,2025-02-02 09:19:00+00:00,19.9857177734,20.886666666666667,2.2,20.7000007629,24.7000007629,14.7932453156,1.6928138733
547,2025-02-02 09:20:00+00:00,19.9857177734,20.886666666666667,2.2,20.7000007629,24.7000007629,14.4234209061,1.6928138733
548,2025-02-02 09:21:00+00:00,19.9857177734,20.88,2.2,20.7000007629,24.7000007629,14.1860895157,1.6928138733
549,2025-02-02 09:22:00+00:00,19.9857177734,20.88,2.2,20.7000007629,24.7000007629,14.0493154526,1.6928138733
550,2025-02-02 09:23:00+00:00,19.9857177734,20.886666666666663,2.2,20.7000007629,24.7000007629,13.717455864,1.6928138733
551,2025-02-02 09:24:00+00:00,19.9857177734,20.886666666666667,2.2,20.7000007629,24.7000007629,13.3327159882,1.6928138733
552,2025-02-02 09:25:00+00:00,17.9282226562,20.89333333333333,2.2,20.7000007629,24.7000007629,13.1488189697,1.6928138733
553,2025-02-02 09:26:00+00:00,17.9282226562,20.886666666666667,2.2,20.7000007629,24.7000007629,12.9597787857,1.6928138733
554,2025-02-02 09:27:00+00:00,17.9282226562,20.88,2.2,20.7000007629,24.7000007629,12.7687835693,1.6928138733
555,2025-02-02 09:28:00+00:00,17.9282226562,20.88,2.2,20.7000007629,24.7000007629,12.6814851761,1.6928138733
556,2025-02-02 09:29:00+00:00,15.8615722656,20.873333333333335,2.2,20.7000007629,24.7000007629,12.612780571,1.6928138733
557,2025-02-02 09:30:00+00:00,15.8615722656,20.886666666666667,2.7,20.7000007629,24.7000007629,12.5733070374,1.6928138733
558,2025-02-02 09:31:00+00:00,15.8615722656,20.88,2.7,20.7000007629,24.7000007629,12.4980182648,1.6928138733
559,2025-02-02 09:32:00+00:00,15.8615722656,20.87333333333333,2.7,20.7000007629,24.7000007629,12.4730606079,1.6928138733
560,2025-02-02 09:33:00+00:00,15.8615722656,20.866666666666667,2.7,20.7000007629,24.7000007629,12.3910341263,1.6928138733
561,2025-02-02 09:34:00+00:00,15.8615722656,20.86,2.7,20.7000007629,24.7000007629,12.3740186691,1.6928138733
562,2025-02-02 09:35:00+00:00,15.8615722656,20.846666666666668,2.7,20.7000007629,24.7000007629,12.329041481,1.6928138733
563,2025-02-02 09:36:00+00:00,13.8380126953,20.84666666666667,2.7,20.7000007629,24.7000007629,12.2651824951,1.6928138733
564,2025-02-02 09:37:00+00:00,13.8380126953,20.85333333333333,2.7,20.7000007629,24.7000007629,12.1098308563,1.6928138733
565,2025-02-02 09:38:00+00:00,13.8380126953,20.853333333333335,2.7,20.7000007629,24.7000007629,11.834233284,1.6928138733
566,2025-02-02 09:39:00+00:00,13.8380126953,20.846666666666668,2.7,20.7000007629,24.7000007629,11.8288078308,1.6928138733
567,2025-02-02 09:40:00+00:00,13.8380126953,20.84,2.7,20.7000007629,24.7000007629,11.9560937881,1.6928138733
568,2025-02-02 09:41:00+00:00,13.8380126953,20.846666666666668,2.7,20.7000007629,24.7000007629,12.0748348236,1.6928138733
569,2025-02-02 09:42:00+00:00,13.8380126953,20.85333333333333,2.7,20.7000007629,24.7000007629,12.1982593536,1.6928138733
570,2025-02-02 09:43:00+00:00,13.8380126953,20.853333333333335,2.7,20.7000007629,24.7000007629,12.2979812622,1.6928138733
571,2025-02-02 09:44:00+00:00,13.8380126953,20.86,2.7,20.7000007629,24.7000007629,12.3854408264,1.6928138733
572,2025-02-02 09:45:00+00:00,13.8380126953,20.85333333333333,2.7,20.7000007629,24.7000007629,12.5089111328,1.6928138733
573,2025-02-02 09:46:00+00:00,13.8380126953,20.86,2.7,20.7000007629,24.7000007629,12.5304956436,1.6928138733
574,2025-02-02 09:47:00+00:00,13.8380126953,20.873333333333335,2.7,20.7000007629,24.7000007629,12.4855699539,1.6928138733
575,2025-02-02 09:48:00+00:00,13.8380126953,20.866666666666667,2.7,20.7000007629,24.7000007629,12.4654302597,1.6928138733
576,2025-02-02 09:49:00+00:00,13.8380126953,20.88,2.7,20.7000007629,24.7000007629,12.5641345978,1.6928138733
577,2025-02-02 09:50:00+00:00,13.8380126953,20.9,2.7,20.7000007629,24.7000007629,12.7079391479,1.6928138733
578,2025-02-02 09:51:00+00:00,13.8380126953,20.893333333333334,2.7,20.7000007629,24.7000007629,13.205037117,1.6928138733
579,2025-02-02 09:52:00+00:00,13.8380126953,20.88,2.7,20.7000007629,24.7000007629,13.494509697,1.6928138733
580,2025-02-02 09:53:00+00:00,13.8380126953,20.88,2.7,20.7000007629,24.7000007629,13.6135149002,1.6928138733
581,2025-02-02 09:54:00+00:00,13.8380126953,20.886666666666663,2.7,20.7000007629,24.7000007629,13.7217950821,1.6928138733
582,2025-02-02 09:55:00+00:00,13.8380126953,20.893333333333334,2.7,20.7000007629,24.7000007629,13.8249511719,1.6928138733
583,2025-02-02 09:56:00+00:00,13.8380126953,20.9,2.7,20.7000007629,24.7000007629,13.8635454178,1.6928138733
584,2025-02-02 09:57:00+00:00,13.8380126953,20.9,2.7,20.7000007629,24.7000007629,13.507894516,1.6928138733
585,2025-02-02 09:58:00+00:00,13.8380126953,20.906666666666663,2.7,20.7000007629,24.7000007629,13.0947589874,1.6928138733
586,2025-02-02 09:59:00+00:00,13.8380126953,20.9,2.7,20.7000007629,24.7000007629,12.8302907944,1.6928138733
587,2025-02-02 10:00:00+00:00,13.8380126953,20.893333333333334,2.7,20.7000007629,24.7000007629,12.7177762985,1.6928138733
588,2025-02-02 10:01:00+00:00,13.8380126953,20.886666666666663,2.7,20.7000007629,24.7000007629,12.6466627121,1.6928138733
589,2025-02-02 10:02:00+00:00,13.8380126953,20.88,2.7,20.7000007629,24.7000007629,12.5070495605,1.6928138733
590,2025-02-02 10:03:00+00:00,13.8380126953,20.886666666666663,2.7,20.7000007629,24.7000007629,12.3284168243,1.6928138733
591,2025-02-02 10:04:00+00:00,13.8380126953,20.886666666666667,2.7,20.7000007629,24.7000007629,12.2688779831,1.6928138733
592,2025-02-02 10:05:00+00:00,13.8380126953,20.88,2.7,20.7000007629,24.7000007629,12.296998024,1.6928138733
593,2025-02-02 10:06:00+00:00,13.8380126953,20.88,2.7,20.7000007629,24.7000007629,12.2116498947,1.6928138733
594,2025-02-02 10:07:00+00:00,13.8380126953,20.88,2.7,20.7000007629,24.7000007629,12.2760696411,1.6928138733
595,2025-02-02 10:08:00+00:00,13.8380126953,20.87333333333333,2.7,20.7000007629,24.7000007629,12.4718198776,1.6928138733
596,2025-02-02 10:09:00+00:00,13.8380126953,20.873333333333335,2.7,20.7000007629,24.7000007629,12.639257431,1.6928138733
597,2025-02-02 10:10:00+00:00,13.8380126953,20.87333333333333,2.7,20.7000007629,24.7000007629,12.9720811844,1.6928138733
598,2025-02-02 10:11:00+00:00,13.8380126953,20.87333333333333,2.7,20.7000007629,24.7000007629,13.316113472,1.6928138733
599,2025-02-02 10:12:00+00:00,13.8380126953,20.873333333333335,2.7,20.7000007629,24.7000007629,13.6183443069,1.6928138733
600,2025-02-02 10:13:00+00:00,13.8380126953,20.866666666666667,2.7,20.7000007629,24.7000007629,13.732843399,1.6928138733
601,2025-02-02 10:14:00+00:00,13.8380126953,20.87333333333333,2.7,20.7000007629,24.7000007629,13.6742630005,1.6928138733
602,2025-02-02 10:15:00+00:00,13.8380126953,20.88,2.7,20.7000007629,24.7000007629,13.6953315735,1.6928138733
603,2025-02-02 10:16:00+00:00,13.8380126953,20.886666666666663,2.7,20.7000007629,24.7000007629,13.7395954132,1.6928138733
604,2025-02-02 10:17:00+00:00,13.8380126953,20.88,2.7,20.7000007629,24.7000007629,13.7512483597,1.6928138733
605,2025-02-02 10:18:00+00:00,13.8380126953,20.88,2.7,20.7000007629,24.7000007629,13.7722406387,1.6928138733
606,2025-02-02 10:19:00+00:00,13.8380126953,20.866666666666664,2.7,20.7000007629,24.7000007629,13.7688188553,1.6928138733
607,2025-02-02 10:20:00+00:00,13.8380126953,20.866666666666667,2.7,20.7000007629,24.7000007629,13.7490539551,1.6928138733
608,2025-02-02 10:21:00+00:00,13.8380126953,20.87333333333333,2.7,20.7000007629,24.7000007629,13.7035036087,1.6928138733
609,2025-02-02 10:22:00+00:00,13.8380126953,20.88,2.7,20.7000007629,24.7000007629,13.6472673416,1.6928138733
610,2025-02-02 10:23:00+00:00,13.8380126953,20.886666666666667,2.7,20.7000007629,24.7000007629,13.6486606598,1.6928138733
611,2025-02-02 10:24:00+00:00,13.8380126953,20.886666666666663,2.7,20.7000007629,24.7000007629,13.7783517838,1.6928138733
612,2025-02-02 10:25:00+00:00,13.8380126953,20.886666666666667,2.7,20.7000007629,24.7000007629,13.8135566711,1.6928138733
613,2025-02-02 10:26:00+00:00,13.8380126953,20.88,2.7,20.7000007629,24.7000007629,13.8499593735,1.6928138733
614,2025-02-02 10:27:00+00:00,15.8541259766,20.87333333333333,2.7,20.7000007629,24.7000007629,14.1521978378,1.6928138733
615,2025-02-02 10:28:00+00:00,15.8541259766,20.866666666666667,2.7,20.7000007629,24.7000007629,14.6180820465,1.6928138733
616,2025-02-02 10:29:00+00:00,15.8541259766,20.86,2.7,20.7000007629,24.7000007629,14.9794235229,1.6928138733
617,2025-02-02 10:30:00+00:00,15.8541259766,20.85333333333333,3.2,20.7000007629,24.7000007629,15.3646478653,1.6928138733
618,2025-02-02 10:31:00+00:00,17.8841552734,20.846666666666668,3.2,20.7000007629,24.7000007629,15.6354732513,1.6928138733
619,2025-02-02 10:32:00+00:00,17.8841552734,20.85333333333333,3.2,20.7000007629,24.7000007629,15.6966562271,1.6928138733
620,2025-02-02 10:33:00+00:00,17.8841552734,20.846666666666668,3.2,20.7000007629,24.7000007629,15.9067411423,1.6928138733
621,2025-02-02 10:34:00+00:00,17.8841552734,20.84666666666667,3.2,20.7000007629,24.7000007629,16.0601863861,1.6928138733
622,2025-02-02 10:35:00+00:00,20.0480957031,20.846666666666668,3.2,20.7000007629,24.7000007629,16.0710582733,1.6928138733
623,2025-02-02 10:36:00+00:00,20.0480957031,20.84,3.2,20.7000007629,24.7000007629,15.9018154144,1.6928138733
624,2025-02-02 10:37:00+00:00,20.0480957031,20.833333333333332,3.2,20.7000007629,24.7000007629,15.9914035797,1.6928138733
625,2025-02-02 10:38:00+00:00,20.0480957031,20.826666666666664,3.2,20.7000007629,24.7000007629,16.242773056,1.6928138733
626,2025-02-02 10:39:00+00:00,20.0480957031,20.826666666666668,3.2,20.7000007629,24.7000007629,16.4848690033,1.6928138733
627,2025-02-02 10:40:00+00:00,20.0480957031,20.819999999999997,3.2,20.7000007629,24.7000007629,16.6802597046,1.6928138733
628,2025-02-02 10:41:00+00:00,20.0480957031,20.82,3.2,20.7000007629,24.7000007629,16.7115879059,1.6928138733
629,2025-02-02 10:42:00+00:00,22.0875244141,20.826666666666664,3.2,20.7000007629,24.7000007629,16.6110420227,1.6928138733
630,2025-02-02 10:43:00+00:00,22.0875244141,20.833333333333332,3.2,20.7000007629,24.7000007629,16.2319278717,1.6928138733
631,2025-02-02 10:44:00+00:00,22.0875244141,20.833333333333332,3.2,20.7000007629,24.7000007629,15.9031553268,1.6928138733
632,2025-02-02 10:45:00+00:00,22.0875244141,20.84,3.2,20.7000007629,24.7000007629,15.6993589401,1.6928138733
633,2025-02-02 10:46:00+00:00,22.0875244141,20.846666666666668,3.2,20.7000007629,24.7000007629,15.5143489838,1.6928138733
634,2025-02-02 10:47:00+00:00,22.0875244141,20.846666666666668,3.2,20.7000007629,24.7000007629,15.1324119568,1.6928138733
635,2025-02-02 10:48:00+00:00,22.0875244141,20.853333333333335,3.2,20.7000007629,24.7000007629,14.8544063568,1.6928138733
636,2025-02-02 10:49:00+00:00,22.0875244141,20.866666666666667,3.2,20.7000007629,24.7000007629,14.6172466278,1.6928138733
637,2025-02-02 10:50:00+00:00,20.0029296875,20.866666666666667,3.2,20.7000007629,24.7000007629,14.4065485001,1.6928138733
638,2025-02-02 10:51:00+00:00,20.0029296875,20.866666666666667,3.2,20.7000007629,24.7000007629,14.4302816391,1.6928138733
639,2025-02-02 10:52:00+00:00,20.0029296875,20.873333333333335,3.2,20.7000007629,24.7000007629,14.5740709305,1.6928138733
640,2025-02-02 10:53:00+00:00,20.0029296875,20.88,3.2,20.7000007629,24.7000007629,14.7838087082,1.6928138733
641,2025-02-02 10:54:00+00:00,20.0029296875,20.87333333333333,3.2,20.7000007629,24.7000007629,14.9930419922,1.6928138733
642,2025-02-02 10:55:00+00:00,20.0029296875,20.879999999999995,3.2,20.7000007629,24.7000007629,15.5413942337,1.6928138733
643,2025-02-02 10:56:00+00:00,20.0029296875,20.88,3.2,20.7000007629,24.7000007629,16.0704612732,2.712305069
644,2025-02-02 10:57:00+00:00,20.0029296875,20.88,3.2,20.7000007629,24.7000007629,16.4125518799,2.712305069
645,2025-02-02 10:58:00+00:00,20.0029296875,20.88,3.2,20.7000007629,24.7000007629,16.5884532928,2.712305069
646,2025-02-02 10:59:00+00:00,20.0029296875,20.886666666666667,3.2,20.7000007629,24.7000007629,16.6704139709,2.712305069
647,2025-02-02 11:00:00+00:00,20.0029296875,20.88,3.2,20.7000007629,24.7000007629,16.5544395447,2.712305069
648,2025-02-02 11:01:00+00:00,22.0155029297,20.88,3.2,20.7000007629,24.7000007629,16.3981323242,2.712305069
649,2025-02-02 11:02:00+00:00,22.0155029297,20.87333333333333,3.2,20.7000007629,24.7000007629,16.1857223511,2.712305069
650,2025-02-02 11:03:00+00:00,22.0155029297,20.866666666666667,3.2,20.7000007629,24.7000007629,15.9837942123,2.712305069
651,2025-02-02 11:04:00+00:00,22.0155029297,20.860000000000003,3.2,20.7000007629,24.7000007629,15.8239526749,2.712305069
652,2025-02-02 11:05:00+00:00,22.0155029297,20.86,3.2,20.7000007629,24.7000007629,15.5818471909,2.712305069
653,2025-02-02 11:06:00+00:00,22.0155029297,20.866666666666667,3.2,20.7000007629,24.7000007629,15.3574361801,2.712305069
654,2025-02-02 11:07:00+00:00,22.0155029297,20.86,3.2,20.7000007629,24.7000007629,15.2345228195,2.712305069
655,2025-02-02 11:08:00+00:00,22.0155029297,20.86,3.2,20.7000007629,24.7000007629,14.9511785507,2.712305069
656,2025-02-02 11:09:00+00:00,22.0155029297,20.866666666666667,3.2,20.7000007629,24.7000007629,14.7428302765,2.712305069
657,2025-02-02 11:10:00+00:00,22.0155029297,20.866666666666667,3.2,20.7000007629,24.7000007629,14.7568950653,2.712305069
658,2025-02-02 11:11:00+00:00,22.0155029297,20.86,3.2,20.7000007629,24.7000007629,15.1119270325,2.712305069
659,2025-02-02 11:12:00+00:00,22.0155029297,20.86,3.2,20.7000007629,24.7000007629,15.9286375046,2.712305069
660,2025-02-02 11:13:00+00:00,22.0155029297,20.86,3.2,20.7000007629,24.7000007629,17.2838878632,2.712305069
661,2025-02-02 11:14:00+00:00,22.0155029297,20.846666666666668,3.2,20.7000007629,24.7000007629,18.9187335968,2.712305069
662,2025-02-02 11:15:00+00:00,24.0172119141,20.85333333333333,3.2,20.7000007629,24.7000007629,20.5228900909,2.712305069
663,2025-02-02 11:16:00+00:00,24.0172119141,20.846666666666668,3.2,20.7000007629,24.7000007629,21.7213764191,2.712305069
664,2025-02-02 11:17:00+00:00,26.4814453125,20.846666666666668,3.2,20.7000007629,24.7000007629,22.2663707733,2.712305069
665,2025-02-02 11:18:00+00:00,28.7145996094,20.846666666666668,3.2,20.7000007629,24.7000007629,22.923242569,2.712305069
666,2025-02-02 11:19:00+00:00,28.7145996094,20.846666666666668,3.2,20.7000007629,24.7000007629,23.6348342896,2.712305069
667,2025-02-02 11:20:00+00:00,30.7802734375,20.846666666666668,3.2,20.7000007629,24.7000007629,23.7522602081,2.712305069
668,2025-02-02 11:21:00+00:00,30.7802734375,20.84,3.2,20.7000007629,24.7000007629,23.7526302338,2.712305069
669,2025-02-02 11:22:00+00:00,32.8206787109,20.853333333333335,3.2,20.7000007629,24.7000007629,23.8319568634,2.712305069
670,2025-02-02 11:23:00+00:00,32.8206787109,20.846666666666668,3.2,20.7000007629,24.7000007629,24.059753418,2.712305069
671,2025-02-02 11:24:00+00:00,32.8206787109,20.839999999999996,3.2,20.7000007629,24.7000007629,24.5193920135,2.712305069
672,2025-02-02 11:25:00+00:00,34.9102783203,20.84,3.2,20.7000007629,24.7000007629,24.6703300476,2.712305069
673,2025-02-02 11:26:00+00:00,34.9102783203,20.846666666666668,3.2,20.7000007629,24.7000007629,24.7297153473,2.712305069
674,2025-02-02 11:27:00+00:00,34.9102783203,20.84666666666667,3.2,20.7000007629,24.7000007629,25.3116188049,2.712305069
675,2025-02-02 11:28:00+00:00,37.0825195312,20.833333333333332,3.2,20.7000007629,24.7000007629,25.9978752136,2.712305069
676,2025-02-02 11:29:00+00:00,37.0825195312,20.833333333333332,3.2,20.7000007629,24.7000007629,26.7221069336,2.712305069
677,2025-02-02 11:30:00+00:00,39.3264160156,20.84,3.9,20.7000007629,24.7000007629,27.4580097198,2.712305069
678,2025-02-02 11:31:00+00:00,39.3264160156,20.84,3.9,20.7000007629,24.7000007629,28.5470542908,2.712305069
679,2025-02-02 11:32:00+00:00,41.4605712891,20.833333333333332,3.9,20.7000007629,24.7000007629,29.5673084259,2.712305069
680,2025-02-02 11:33:00+00:00,43.8251953125,20.826666666666664,3.9,20.7000007629,24.7000007629,30.8489189148,2.712305069
681,2025-02-02 11:34:00+00:00,45.8726806641,20.833333333333332,3.9,20.7000007629,24.7000007629,32.5580062866,2.712305069
682,2025-02-02 11:35:00+00:00,45.8726806641,20.826666666666664,3.9,20.7000007629,24.7000007629,33.5938262939,2.712305069
683,2025-02-02 11:36:00+00:00,47.946105957,20.833333333333332,3.9,20.7000007629,24.7000007629,33.9702720642,2.712305069
684,2025-02-02 11:37:00+00:00,50.188659668,20.833333333333332,3.9,20.7000007629,24.7000007629,33.6436653137,2.712305069
685,2025-02-02 11:38:00+00:00,50.188659668,20.839999999999996,3.9,20.7000007629,24.7000007629,33.1830635071,2.712305069
686,2025-02-02 11:39:00+00:00,50.188659668,20.846666666666668,3.9,20.7000007629,24.7000007629,32.8454475403,2.712305069
687,2025-02-02 11:40:00+00:00,50.188659668,20.839999999999996,3.9,20.7000007629,24.7000007629,32.9118690491,2.712305069
688,2025-02-02 11:41:00+00:00,52.2243652344,20.84,3.9,20.7000007629,24.7000007629,33.2605934143,2.712305069
689,2025-02-02 11:42:00+00:00,52.2243652344,20.83333333333333,3.9,20.7000007629,24.7000007629,33.9307670593,2.712305069
690,2025-02-02 11:43:00+00:00,54.582824707,20.839999999999996,3.9,20.7000007629,24.7000007629,34.4969215393,2.712305069
691,2025-02-02 11:44:00+00:00,54.582824707,20.846666666666668,3.9,20.7000007629,24.7000007629,35.0971908569,2.712305069
692,2025-02-02 11:45:00+00:00,56.9738769531,20.833333333333332,3.9,20.7000007629,24.7000007629,35.8868408203,2.712305069
693,2025-02-02 11:46:00+00:00,56.9738769531,20.833333333333332,3.9,20.7000007629,24.7000007629,36.3409957886,2.712305069
694,2025-02-02 11:47:00+00:00,59.2608642578,20.846666666666668,3.9,20.7000007629,24.7000007629,36.1419181824,2.712305069
695,2025-02-02 11:48:00+00:00,59.2608642578,20.853333333333335,3.9,20.7000007629,24.7000007629,35.5252914429,2.712305069
696,2025-02-02 11:49:00+00:00,61.3234863281,20.846666666666668,3.9,20.7000007629,24.7000007629,34.5106925964,2.712305069
697,2025-02-02 11:50:00+00:00,61.3234863281,20.84666666666667,3.9,20.7000007629,24.7000007629,33.0469741821,2.712305069
698,2025-02-02 11:51:00+00:00,61.3234863281,20.846666666666668,3.9,20.7000007629,24.7000007629,31.5615787506,2.712305069
699,2025-02-02 11:52:00+00:00,59.3087768555,20.833333333333332,3.9,20.7000007629,24.7000007629,30.283159256,2.712305069
700,2025-02-02 11:53:00+00:00,56.9382324219,20.82,3.9,20.7000007629,24.7000007629,29.2308349609,3.7149524689
701,2025-02-02 11:54:00+00:00,54.8723144531,20.82,3.9,20.7000007629,24.7000007629,28.3088359833,3.7149524689
702,2025-02-02 11:55:00+00:00,54.8723144531,20.82,3.9,20.7000007629,24.7000007629,27.839641571,3.7149524689
703,2025-02-02 11:56:00+00:00,52.6537475586,20.813333333333333,3.9,20.7000007629,24.7000007629,27.768907547,3.7149524689
704,2025-02-02 11:57:00+00:00,52.6537475586,20.813333333333336,3.9,20.7000007629,24.7000007629,27.9250469208,3.7149524689
705,2025-02-02 11:58:00+00:00,50.6348266602,20.813333333333336,3.9,20.7000007629,24.7000007629,28.4430370331,3.7149524689
706,2025-02-02 11:59:00+00:00,50.6348266602,20.813333333333333,3.9,20.7000007629,24.7000007629,29.322807312,3.7149524689
707,2025-02-02 12:00:00+00:00,50.6348266602,20.813333333333333,3.9,20.7000007629,24.7000007629,30.2150402069,3.7149524689
708,2025-02-02 12:01:00+00:00,50.6348266602,20.813333333333333,3.9,20.7000007629,24.7000007629,31.0341968536,3.7149524689
709,2025-02-02 12:02:00+00:00,50.6348266602,20.80666666666667,3.9,20.7000007629,24.7000007629,31.1744747162,3.7149524689
710,2025-02-02 12:03:00+00:00,52.641784668,20.80666666666667,3.9,20.7000007629,24.7000007629,30.7265987396,3.7149524689
711,2025-02-02 12:04:00+00:00,52.641784668,20.813333333333333,3.9,20.7000007629,24.7000007629,29.7455196381,3.7149524689
712,2025-02-02 12:05:00+00:00,52.641784668,20.819999999999997,3.9,20.7000007629,24.7000007629,28.3702659607,3.7149524689
713,2025-02-02 12:06:00+00:00,50.5306396484,20.82,3.9,20.7000007629,24.7000007629,27.0806999207,3.7149524689
714,2025-02-02 12:07:00+00:00,48.4309082031,20.826666666666664,3.9,20.7000007629,24.7000007629,26.4006652832,3.7149524689
715,2025-02-02 12:08:00+00:00,48.4309082031,20.839999999999996,3.9,20.7000007629,24.7000007629,25.984167099,3.7149524689
716,2025-02-02 12:09:00+00:00,46.4200439453,20.84,3.9,20.7000007629,24.7000007629,26.0247306824,3.7149524689
717,2025-02-02 12:10:00+00:00,46.4200439453,20.846666666666668,3.9,20.7000007629,24.7000007629,26.6397781372,3.7149524689
718,2025-02-02 12:11:00+00:00,44.416015625,20.853333333333335,3.9,20.7000007629,24.7000007629,27.483373642,3.7149524689
719,2025-02-02 12:12:00+00:00,44.416015625,20.85333333333333,3.9,20.7000007629,24.7000007629,28.384223938,2.7138576508
720,2025-02-02 12:13:00+00:00,44.416015625,20.853333333333335,3.9,20.7000007629,24.7000007629,29.0529098511,2.7138576508
721,2025-02-02 12:14:00+00:00,44.416015625,20.866666666666667,3.9,20.7000007629,24.7000007629,29.9010410309,2.7138576508
722,2025-02-02 12:15:00+00:00,44.416015625,20.866666666666667,3.9,20.7000007629,24.7000007629,30.6850795746,2.7138576508
723,2025-02-02 12:16:00+00:00,44.416015625,20.87333333333333,3.9,20.7000007629,24.7000007629,32.1014175415,2.7138576508
724,2025-02-02 12:17:00+00:00,44.416015625,20.87333333333333,3.9,20.7000007629,24.7000007629,34.3787460327,2.7138576508
725,2025-02-02 12:18:00+00:00,44.416015625,20.88,3.9,20.7000007629,24.7000007629,37.4071731567,2.7138576508
726,2025-02-02 12:19:00+00:00,44.416015625,20.87333333333333,3.9,20.7000007629,24.7000007629,40.9240722656,2.7138576508
727,2025-02-02 12:20:00+00:00,46.8698730469,20.873333333333335,3.9,20.7000007629,24.7000007629,43.7163238525,2.7138576508
728,2025-02-02 12:21:00+00:00,46.8698730469,20.87333333333333,3.9,20.7000007629,24.7000007629,44.15026474,2.7138576508
729,2025-02-02 12:22:00+00:00,49.1791381836,20.866666666666667,3.9,20.7000007629,24.7000007629,43.6218223572,2.7138576508
730,2025-02-02 12:23:00+00:00,49.1791381836,20.860000000000003,3.9,20.7000007629,24.7000007629,42.3168029785,2.7138576508
731,2025-02-02 12:24:00+00:00,51.2283325195,20.846666666666668,3.9,20.7000007629,24.7000007629,42.098777771,2.7138576508
732,2025-02-02 12:25:00+00:00,51.2283325195,20.846666666666668,3.9,20.7000007629,24.7000007629,43.3500175476,2.7138576508
733,2025-02-02 12:26:00+00:00,53.623046875,20.846666666666668,3.9,20.7000007629,24.7000007629,45.3717002869,2.7138576508
734,2025-02-02 12:27:00+00:00,55.9970092773,20.853333333333335,3.9,20.7000007629,24.7000007629,48.9981880188,2.7138576508
735,2025-02-02 12:28:00+00:00,60.7016601562,20.846666666666668,3.9,20.7000007629,24.7000007629,50.0350646973,2.7138576508
736,2025-02-02 12:29:00+00:00,62.9694213867,20.833333333333332,3.9,20.7000007629,24.7000007629,50.5802383423,2.7138576508
737,2025-02-02 12:30:00+00:00,65.3021240234,20.813333333333333,4.4,20.7000007629,24.7000007629,52.6462249756,2.7138576508
738,2025-02-02 12:31:00+00:00,67.7484130859,20.82,4.4,20.7000007629,24.7000007629,55.8037490845,2.7138576508
739,2025-02-02 12:32:00+00:00,69.8897705078,20.813333333333333,4.4,20.7000007629,24.7000007629,57.8969917297,2.7138576508
740,2025-02-02 12:33:00+00:00,69.8897705078,20.799999999999997,4.4,20.7000007629,24.7000007629,60.7689247131,2.7138576508
741,2025-02-02 12:34:00+00:00,72.3001708984,20.80666666666667,4.4,20.7000007629,24.7000007629,64.4261703491,2.7138576508
742,2025-02-02 12:35:00+00:00,74.4634399414,20.806666666666665,4.4,20.7000007629,24.7000007629,68.6463775635,2.7138576508
743,2025-02-02 12:36:00+00:00,74.4634399414,20.813333333333333,4.4,20.7000007629,24.7000007629,74.8318939209,2.7138576508
744,2025-02-02 12:37:00+00:00,79.3671875,20.826666666666664,4.4,20.7000007629,24.7000007629,84.7353134155,2.7138576508
745,2025-02-02 12:38:00+00:00,87.455871582,20.826666666666664,4.4,20.7000007629,24.7000007629,100.0412979126,2.7138576508
746,2025-02-02 12:40:00+00:00,114.8209228516,20.846666666666668,4.4,20.7000007629,24.7000007629,135.1144104004,2.7138576508
747,2025-02-02 12:41:00+00:00,130.2972412109,20.846666666666668,4.4,20.7000007629,24.7000007629,143.3038330078,2.7138576508
748,2025-02-02 12:42:00+00:00,138.3272705078,20.839999999999996,4.4,20.7000007629,24.7000007629,130.3937835693,2.7138576508
749,2025-02-02 12:43:00+00:00,140.4145507812,20.833333333333332,4.4,20.7000007629,24.7000007629,113.625328064,2.7138576508
750,2025-02-02 12:44:00+00:00,138.0409545898,20.84,4.4,20.7000007629,24.7000007629,97.2428588867,2.7138576508
751,2025-02-02 12:45:00+00:00,133.3504638672,20.853333333333335,4.4,20.7000007629,24.7000007629,82.5487060547,2.7138576508
752,2025-02-02 12:46:00+00:00,127.1166381836,20.88,4.4,20.7000007629,24.7000007629,73.9214172363,2.7138576508
753,2025-02-02 12:47:00+00:00,121.7333984375,20.873333333333335,4.4,20.7000007629,24.7000007629,67.7545318604,2.7138576508
754,2025-02-02 12:48:00+00:00,119.3114013672,20.886666666666667,4.4,20.7000007629,24.7000007629,64.4683303833,2.7138576508
755,2025-02-02 12:49:00+00:00,117.0715942383,20.893333333333334,4.4,20.7000007629,24.7000007629,62.5718688965,2.7138576508
756,2025-02-02 12:50:00+00:00,117.0715942383,20.89333333333333,4.4,20.7000007629,24.7000007629,62.0991172791,2.7138576508
757,2025-02-02 12:51:00+00:00,117.0715942383,20.89333333333333,4.4,20.7000007629,24.7000007629,61.8846664429,2.7138576508
758,2025-02-02 12:52:00+00:00,117.0715942383,20.88,4.4,20.7000007629,24.7000007629,61.5071640015,2.7138576508
759,2025-02-02 12:53:00+00:00,115.010559082,20.88,4.4,20.7000007629,24.7000007629,59.9934501648,2.7138576508
760,2025-02-02 12:54:00+00:00,110.0020141602,20.886666666666667,4.4,20.7000007629,24.7000007629,57.5073242188,2.7138576508
761,2025-02-02 12:55:00+00:00,105.4139404297,20.88,4.4,20.7000007629,24.7000007629,54.4428520203,2.7138576508
762,2025-02-02 12:56:00+00:00,99.819519043,20.88,4.4,20.7000007629,24.7000007629,50.9879608154,2.7138576508
763,2025-02-02 12:57:00+00:00,94.5224609375,20.88,4.4,20.7000007629,24.7000007629,48.1550254822,2.7138576508
764,2025-02-02 12:58:00+00:00,89.9844970703,20.88,4.4,20.7000007629,24.7000007629,46.4076080322,2.7138576508
765,2025-02-02 12:59:00+00:00,87.2994995117,20.886666666666663,4.4,20.7000007629,24.7000007629,45.5957069397,2.7138576508
766,2025-02-02 13:00:00+00:00,85.2147216797,20.87333333333333,4.4,20.7000007629,24.7000007629,45.590763092,2.7138576508
767,2025-02-02 13:01:00+00:00,82.8347167969,20.873333333333335,4.4,20.7000007629,24.7000007629,45.1739273071,2.7138576508
768,2025-02-02 13:02:00+00:00,80.6315307617,20.87333333333333,4.4,20.7000007629,24.7000007629,44.4375991821,2.7138576508
769,2025-02-02 13:03:00+00:00,78.6301269531,20.87333333333333,4.4,20.7000007629,24.7000007629,43.7825241089,2.7138576508
770,2025-02-02 13:04:00+00:00,76.3262939453,20.886666666666663,4.4,20.7000007629,24.7000007629,43.7149124146,2.7138576508
771,2025-02-02 13:05:00+00:00,74.1696166992,20.886666666666667,4.4,20.7000007629,24.7000007629,43.8665122986,2.7138576508
772,2025-02-02 13:06:00+00:00,74.1696166992,20.886666666666663,4.4,20.7000007629,24.7000007629,44.2106285095,2.7138576508
773,2025-02-02 13:07:00+00:00,71.9680786133,20.89333333333333,4.4,20.7000007629,24.7000007629,44.1267242432,2.7138576508
774,2025-02-02 13:08:00+00:00,71.9680786133,20.873333333333335,4.4,20.7000007629,24.7000007629,43.6407432556,2.7138576508
775,2025-02-02 13:09:00+00:00,69.4951782227,20.87333333333333,4.4,20.7000007629,24.7000007629,43.1187858582,2.7138576508
776,2025-02-02 13:10:00+00:00,67.2979125977,20.87333333333333,4.4,20.7000007629,24.7000007629,42.7335205078,2.7138576508
777,2025-02-02 13:11:00+00:00,65.1864013672,20.88,4.4,20.7000007629,24.7000007629,42.6757049561,2.7138576508
778,2025-02-02 13:12:00+00:00,63.1567993164,20.886666666666667,4.4,20.7000007629,24.7000007629,42.8348426819,2.7138576508
779,2025-02-02 13:13:00+00:00,60.4688110352,20.88,4.4,20.7000007629,24.7000007629,43.4311408997,2.7138576508
780,2025-02-02 13:14:00+00:00,58.2614746094,20.866666666666667,4.4,20.7000007629,24.7000007629,45.8306999207,2.7138576508
781,2025-02-02 13:15:00+00:00,58.2614746094,20.873333333333335,4.4,20.7000007629,24.7000007629,54.7141189575,2.7138576508
782,2025-02-02 13:16:00+00:00,58.2614746094,20.866666666666664,4.4,20.7000007629,24.7000007629,75.5199508667,2.7138576508
783,2025-02-02 13:17:00+00:00,64.9436035156,20.86,4.4,20.7000007629,24.7000007629,124.3555221558,2.7138576508
784,2025-02-02 13:18:00+00:00,83.7725830078,20.853333333333335,4.4,20.7000007629,24.7000007629,185.3511962891,2.7138576508
785,2025-02-02 13:19:00+00:00,106.4865722656,20.846666666666668,4.4,20.7000007629,24.7000007629,230.175491333,2.7138576508
786,2025-02-02 13:20:00+00:00,135.5242919922,20.846666666666668,4.4,20.7000007629,24.7000007629,273.2983703613,2.7138576508
787,2025-02-02 13:21:00+00:00,173.7893676758,20.853333333333335,4.4,20.7000007629,24.7000007629,309.8268737793,2.7138576508
788,2025-02-02 13:22:00+00:00,212.6381835938,20.846666666666668,4.4,20.7000007629,24.7000007629,326.1994018555,2.7138576508
789,2025-02-02 13:23:00+00:00,257.2811279297,20.86,4.4,20.7000007629,24.7000007629,367.7481384277,2.7138576508
790,2025-02-02 13:24:00+00:00,289.4595336914,20.86,4.4,20.7000007629,24.7000007629,335.9463806152,2.7138576508
791,2025-02-02 13:25:00+00:00,293.1555786133,20.860000000000003,4.4,20.7000007629,24.7000007629,281.135925293,2.7138576508
792,2025-02-02 13:26:00+00:00,290.7785644531,20.853333333333335,4.4,20.7000007629,24.7000007629,248.4256286621,2.7138576508
793,2025-02-02 13:27:00+00:00,280.9605712891,20.846666666666668,4.4,20.7000007629,24.7000007629,222.0897216797,2.7138576508
794,2025-02-02 13:28:00+00:00,264.164855957,20.853333333333335,4.4,20.7000007629,24.7000007629,198.2566680908,2.7138576508
795,2025-02-02 13:29:00+00:00,247.4583740234,20.866666666666667,4.4,20.7000007629,24.7000007629,201.8556060791,2.7138576508
796,2025-02-02 13:30:00+00:00,242.6524658203,20.866666666666664,4.6,20.7000007629,24.7000007629,298.0814208984,2.7138576508
797,2025-02-02 13:31:00+00:00,261.819519043,20.873333333333335,4.6,20.7000007629,24.7000007629,366.4371337891,2.7138576508
798,2025-02-02 13:32:00+00:00,264.6585693359,20.886666666666667,4.6,20.7000007629,24.7000007629,350.5411987305,2.7138576508
799,2025-02-02 13:33:00+00:00,262.546081543,20.9,4.6,20.7000007629,24.7000007629,299.2337036133,2.7138576508
800,2025-02-02 13:34:00+00:00,246.0863647461,20.9,4.6,20.7000007629,24.7000007629,276.6690063477,2.7138576508
801,2025-02-02 13:35:00+00:00,243.1994018555,20.9,4.6,20.7000007629,24.7000007629,290.2914123535,2.7138576508
802,2025-02-02 13:36:00+00:00,252.8919067383,20.89333333333333,4.6,20.7000007629,24.7000007629,530.7425537109,2.7138576508
803,2025-02-02 13:37:00+00:00,286.2031860352,20.906666666666663,4.6,20.7000007629,24.7000007629,724.8215942383,2.7138576508
804,2025-02-02 13:38:00+00:00,312.9572753906,20.913333333333334,4.6,20.7000007629,24.7000007629,723.9594726562,2.7138576508
805,2025-02-02 13:39:00+00:00,310.1915893555,20.913333333333334,4.6,20.7000007629,24.7000007629,592.9298706055,2.7138576508
806,2025-02-02 13:40:00+00:00,285.0291748047,20.913333333333334,4.6,20.7000007629,24.7000007629,382.6011047363,2.7138576508
807,2025-02-02 13:41:00+00:00,261.1747436523,20.913333333333334,4.6,20.7000007629,24.7000007629,274.4590148926,2.7138576508
808,2025-02-02 13:42:00+00:00,236.4353027344,20.919999999999998,4.6,20.7000007629,24.7000007629,186.9854888916,2.7138576508
809,2025-02-02 13:43:00+00:00,214.8968505859,20.926666666666666,4.6,20.7000007629,24.7000007629,135.8198394775,2.7138576508
810,2025-02-02 13:44:00+00:00,194.6976928711,20.926666666666666,4.6,20.7000007629,24.7000007629,101.9903488159,2.7138576508
811,2025-02-02 13:45:00+00:00,177.3461303711,20.92666666666667,4.6,20.7000007629,24.7000007629,78.0320663452,2.7138576508
812,2025-02-02 13:46:00+00:00,159.2474975586,20.926666666666666,4.6,20.7000007629,24.7000007629,61.7164001465,2.7138576508
813,2025-02-02 13:47:00+00:00,145.7506103516,20.926666666666666,4.6,20.7000007629,24.7000007629,51.8156547546,2.7138576508
814,2025-02-02 13:48:00+00:00,130.8496704102,20.926666666666666,4.6,20.7000007629,24.7000007629,48.1210212708,2.7138576508
815,2025-02-02 13:49:00+00:00,116.6542358398,20.933333333333334,4.6,20.7000007629,24.7000007629,48.0913581848,2.7138576508
816,2025-02-02 13:50:00+00:00,106.3518066406,20.93333333333333,4.6,20.7000007629,24.7000007629,48.8851585388,2.7138576508
817,2025-02-02 13:51:00+00:00,97.7408447266,20.933333333333334,4.6,20.7000007629,24.7000007629,50.7104797363,2.7138576508
818,2025-02-02 13:52:00+00:00,90.6413574219,20.919999999999998,4.6,20.7000007629,24.7000007629,54.2322883606,2.7138576508
819,2025-02-02 13:53:00+00:00,85.7777709961,20.919999999999998,4.6,20.7000007629,24.7000007629,57.4592704773,2.7138576508
820,2025-02-02 13:54:00+00:00,83.5832519531,20.92,4.6,20.7000007629,24.7000007629,62.1849327087,2.7138576508
821,2025-02-02 13:55:00+00:00,78.3621826172,20.919999999999998,4.6,20.7000007629,24.7000007629,66.2077484131,2.7138576508
822,2025-02-02 13:56:00+00:00,76.0694580078,20.926666666666666,4.6,20.7000007629,24.7000007629,67.0512619019,2.7138576508
823,2025-02-02 13:57:00+00:00,73.2624511719,20.92666666666667,4.6,20.7000007629,24.7000007629,68.6958312988,2.7138576508
824,2025-02-02 13:58:00+00:00,71.2428588867,20.926666666666666,4.6,20.7000007629,24.7000007629,80.6647491455,2.7138576508
825,2025-02-02 13:59:00+00:00,69.0291748047,20.926666666666666,4.6,20.7000007629,24.7000007629,93.6677627563,2.7138576508
826,2025-02-02 14:00:00+00:00,69.0291748047,20.926666666666666,4.6,20.7000007629,24.7000007629,102.8256759644,2.7138576508
827,2025-02-02 14:01:00+00:00,69.0291748047,20.926666666666666,4.6,20.7000007629,24.7000007629,139.6455230713,2.7138576508
828,2025-02-02 14:02:00+00:00,74.3701782227,20.919999999999998,4.6,20.7000007629,24.7000007629,199.2850189209,2.7138576508
829,2025-02-02 14:03:00+00:00,80.2931518555,20.913333333333334,4.6,20.7000007629,24.7000007629,185.1941680908,2.7138576508
830,2025-02-02 14:04:00+00:00,82.6823120117,20.913333333333334,4.6,20.7000007629,24.7000007629,166.6875,2.7138576508
831,2025-02-02 14:06:00+00:00,96.9705810547,20.913333333333334,4.6,20.7000007629,24.7000007629,187.7021179199,2.7138576508
832,2025-02-02 14:07:00+00:00,96.9705810547,20.913333333333334,4.6,20.7000007629,24.7000007629,170.9477844238,2.7138576508
833,2025-02-02 14:08:00+00:00,101.3529663086,20.919999999999998,4.6,20.7000007629,24.7000007629,192.6673431396,2.7138576508
834,2025-02-02 14:09:00+00:00,109.5877685547,20.91333333333333,4.6,20.7000007629,24.7000007629,226.6288604736,2.7138576508
835,2025-02-02 14:10:00+00:00,120.5084838867,20.913333333333334,4.6,20.7000007629,24.7000007629,285.4700012207,2.7138576508
836,2025-02-02 14:11:00+00:00,132.5126342773,20.913333333333334,4.6,20.7000007629,24.7000007629,333.6287231445,2.7138576508
837,2025-02-02 14:12:00+00:00,145.7507324219,20.913333333333334,4.6,20.7000007629,24.7000007629,356.8398132324,2.7138576508
838,2025-02-02 14:13:00+00:00,152.8372192383,20.91333333333333,4.6,20.7000007629,24.7000007629,381.1631164551,2.7138576508
839,2025-02-02 14:14:00+00:00,171.3952026367,20.906666666666663,4.6,20.7000007629,24.7000007629,453.2705078125,2.7138576508
840,2025-02-02 14:15:00+00:00,190.2543334961,20.913333333333334,4.6,20.7000007629,24.7000007629,494.4922180176,2.7138576508
841,2025-02-02 14:16:00+00:00,205.7028198242,20.919999999999998,4.6,20.7000007629,24.7000007629,444.3237304688,2.7138576508
842,2025-02-02 14:18:00+00:00,183.4529418945,20.913333333333334,4.6,20.7000007629,24.7000007629,226.1443939209,2.7138576508
843,2025-02-02 14:19:00+00:00,170.5726318359,20.926666666666666,4.6,20.7000007629,24.7000007629,173.6485748291,2.7138576508
844,2025-02-02 14:20:00+00:00,159.7281494141,20.933333333333334,4.6,20.7000007629,24.7000007629,136.1394500732,2.7138576508
845,2025-02-02 14:21:00+00:00,149.0527954102,20.933333333333334,4.6,20.7000007629,24.7000007629,111.3015136719,2.7138576508
846,2025-02-02 14:22:00+00:00,136.4843139648,20.92666666666667,4.6,20.7000007629,24.7000007629,93.4852981567,2.7138576508
847,2025-02-02 14:23:00+00:00,128.0972900391,20.926666666666666,4.6,20.7000007629,24.7000007629,79.8162536621,2.7138576508
848,2025-02-02 14:24:00+00:00,118.169921875,20.926666666666666,4.6,20.7000007629,24.7000007629,69.5329818726,2.7138576508
849,2025-02-02 14:25:00+00:00,110.2469482422,20.933333333333334,4.6,20.7000007629,24.7000007629,61.0505599976,2.7138576508
850,2025-02-02 14:26:00+00:00,102.4507446289,20.939999999999998,4.6,20.7000007629,24.7000007629,53.9746322632,2.7138576508
851,2025-02-02 14:27:00+00:00,95.2283325195,20.946666666666665,4.6,20.7000007629,24.7000007629,47.4716300964,2.7138576508
852,2025-02-02 14:28:00+00:00,88.7929077148,20.946666666666665,4.6,20.7000007629,24.7000007629,41.8933792114,2.7138576508
853,2025-02-02 14:29:00+00:00,82.7168579102,20.946666666666665,4.6,20.7000007629,24.7000007629,37.5719184875,2.7138576508
854,2025-02-02 14:30:00+00:00,76.7932128906,20.953333333333333,3.9,20.7000007629,24.7000007629,33.4890136719,2.7138576508
855,2025-02-02 14:31:00+00:00,71.475402832,20.946666666666665,3.9,20.7000007629,24.7000007629,30.4166164398,2.7138576508
856,2025-02-02 14:32:00+00:00,66.7684936523,20.94,3.9,20.7000007629,24.7000007629,27.8017158508,2.7138576508
857,2025-02-02 14:33:00+00:00,62.0555419922,20.946666666666665,3.9,20.7000007629,24.7000007629,25.7752513885,2.7138576508
858,2025-02-02 14:35:00+00:00,54.2920532227,20.933333333333334,3.9,20.7000007629,24.7000007629,22.6430797577,2.7138576508
859,2025-02-02 14:36:00+00:00,52.0822753906,20.933333333333334,3.9,20.7000007629,24.7000007629,21.5135993958,2.7138576508
860,2025-02-02 14:37:00+00:00,47.0550537109,20.926666666666666,3.9,20.7000007629,24.7000007629,20.8065071106,2.7138576508
861,2025-02-02 14:38:00+00:00,44.56640625,20.93333333333333,3.9,20.7000007629,24.7000007629,20.347738266,2.7138576508
862,2025-02-02 14:39:00+00:00,42.0546875,20.933333333333334,3.9,20.7000007629,24.7000007629,20.0342559814,2.7138576508
863,2025-02-02 14:40:00+00:00,39.9857177734,20.933333333333334,3.9,20.7000007629,24.7000007629,19.8551464081,2.7138576508
864,2025-02-02 14:41:00+00:00,37.96484375,20.933333333333334,3.9,20.7000007629,24.7000007629,19.8376846313,2.7138576508
865,2025-02-02 14:42:00+00:00,35.8145751953,20.926666666666666,3.9,20.7000007629,24.7000007629,20.0433197021,2.7138576508
866,2025-02-02 14:43:00+00:00,33.6844482422,20.926666666666666,3.9,20.7000007629,24.7000007629,20.408821106,2.7138576508
867,2025-02-02 14:44:00+00:00,31.6583251953,20.926666666666666,3.9,20.7000007629,24.7000007629,20.7050495148,2.7138576508
868,2025-02-02 14:45:00+00:00,31.6583251953,20.93333333333333,3.9,20.7000007629,24.7000007629,21.2586193085,2.7138576508
869,2025-02-02 14:46:00+00:00,29.4173583984,20.939999999999998,3.9,20.7000007629,24.7000007629,21.9310588837,2.7138576508
870,2025-02-02 14:47:00+00:00,29.4173583984,20.946666666666665,3.9,20.7000007629,24.7000007629,22.6711044312,2.7138576508
871,2025-02-02 14:48:00+00:00,29.4173583984,20.946666666666665,3.9,20.7000007629,24.7000007629,22.7152023315,2.7138576508
872,2025-02-02 14:49:00+00:00,27.2630615234,20.946666666666665,3.9,20.7000007629,24.7000007629,22.6211395264,2.7138576508
873,2025-02-02 14:51:00+00:00,25.2373046875,20.95333333333333,3.9,20.7000007629,24.7000007629,20.874420166,2.7138576508
874,2025-02-02 14:52:00+00:00,25.2373046875,20.946666666666665,3.9,20.7000007629,24.7000007629,19.5529460907,2.7138576508
875,2025-02-02 14:53:00+00:00,23.1697998047,20.946666666666665,3.9,20.7000007629,24.7000007629,18.2723941803,2.7138576508
876,2025-02-02 14:54:00+00:00,23.1697998047,20.946666666666665,3.9,20.7000007629,24.7000007629,17.1291160583,2.7138576508
877,2025-02-02 14:55:00+00:00,21.1500244141,20.95333333333333,3.9,20.7000007629,24.7000007629,24.0010204315,2.7138576508
878,2025-02-02 14:56:00+00:00,23.2830810547,20.953333333333333,3.9,20.7000007629,24.7000007629,25.6244163513,2.7138576508
879,2025-02-02 14:57:00+00:00,23.2830810547,20.953333333333333,3.9,20.7000007629,24.7000007629,21.1327171326,2.7138576508
880,2025-02-02 14:59:00+00:00,21.212890625,20.966666666666665,3.9,20.7000007629,24.7000007629,15.9842767715,2.7138576508
881,2025-02-02 15:00:00+00:00,21.212890625,20.96,3.9,20.7000007629,24.7000007629,14.6420621872,2.7138576508
882,2025-02-02 15:01:00+00:00,19.2020263672,20.94666666666667,3.9,20.7000007629,24.7000007629,13.70424366,2.7138576508
883,2025-02-02 15:02:00+00:00,19.2020263672,20.94666666666667,3.9,20.7000007629,24.7000007629,13.0213136673,2.7138576508
884,2025-02-02 15:03:00+00:00,17.1807861328,20.94666666666667,3.9,20.7000007629,24.7000007629,12.4920358658,2.7138576508
885,2025-02-02 15:04:00+00:00,17.1807861328,20.94,3.9,20.7000007629,24.7000007629,12.1109552383,2.7138576508
886,2025-02-02 15:05:00+00:00,17.1807861328,20.939999999999998,3.9,20.7000007629,24.7000007629,11.7665233612,2.7138576508
887,2025-02-02 15:06:00+00:00,15.080078125,20.946666666666665,3.9,20.7000007629,24.7000007629,11.5058879852,2.7138576508
888,2025-02-02 15:07:00+00:00,15.080078125,20.94,3.9,20.7000007629,24.7000007629,11.3144855499,2.7138576508
889,2025-02-02 15:08:00+00:00,15.080078125,20.939999999999998,3.9,20.7000007629,24.7000007629,11.2240886688,2.7138576508
890,2025-02-02 15:09:00+00:00,15.080078125,20.939999999999998,3.9,20.7000007629,24.7000007629,11.1634740829,2.7138576508
891,2025-02-02 15:10:00+00:00,13.0328369141,20.94,3.9,20.7000007629,24.7000007629,11.1471710205,2.7138576508
892,2025-02-02 15:11:00+00:00,13.0328369141,20.92666666666667,3.9,20.7000007629,24.7000007629,11.0281209946,2.7138576508
893,2025-02-02 15:12:00+00:00,13.0328369141,20.926666666666666,3.9,20.7000007629,24.7000007629,10.911315918,2.7138576508
894,2025-02-02 15:13:00+00:00,13.0328369141,20.939999999999998,3.9,20.7000007629,24.7000007629,10.7302246094,2.7138576508
895,2025-02-02 15:14:00+00:00,13.0328369141,20.933333333333334,3.9,20.7000007629,24.7000007629,10.532699585,2.7138576508
896,2025-02-02 15:15:00+00:00,13.0328369141,20.933333333333334,3.9,20.7000007629,24.7000007629,10.3111486435,2.7138576508
897,2025-02-02 15:16:00+00:00,13.0328369141,20.94666666666667,3.9,20.7000007629,24.7000007629,10.0986976624,2.7138576508
898,2025-02-02 15:17:00+00:00,10.9088134766,20.94,3.9,20.7000007629,24.7000007629,9.8857288361,2.7138576508
899,2025-02-02 15:18:00+00:00,10.9088134766,20.94,3.9,20.7000007629,24.7000007629,9.754486084,2.7138576508
900,2025-02-02 15:19:00+00:00,10.9088134766,20.939999999999998,3.9,20.7000007629,24.7000007629,9.681479454,2.7138576508
901,2025-02-02 15:20:00+00:00,10.9088134766,20.946666666666665,3.9,20.7000007629,24.7000007629,9.6159582138,2.7138576508
902,2025-02-02 15:21:00+00:00,10.9088134766,20.946666666666665,3.9,20.7000007629,24.7000007629,9.4487934113,2.7138576508
903,2025-02-02 15:22:00+00:00,8.8935546875,20.946666666666665,3.9,20.7000007629,24.7000007629,9.2516794205,2.7138576508
904,2025-02-02 15:23:00+00:00,8.8935546875,20.953333333333333,3.9,20.7000007629,24.7000007629,9.0679607391,2.7138576508
905,2025-02-02 15:24:00+00:00,8.8935546875,20.953333333333333,3.9,20.7000007629,24.7000007629,8.8914422989,2.7138576508
906,2025-02-02 15:25:00+00:00,8.8935546875,20.95333333333333,3.9,20.7000007629,24.7000007629,8.7381772995,2.7138576508
907,2025-02-02 15:26:00+00:00,8.8935546875,20.96666666666666,3.9,20.7000007629,24.7000007629,8.5926580429,2.7138576508
908,2025-02-02 15:27:00+00:00,8.8935546875,20.973333333333333,3.9,20.7000007629,24.7000007629,8.4821615219,2.7138576508
909,2025-02-02 15:28:00+00:00,8.8935546875,20.953333333333333,3.9,20.7000007629,24.7000007629,8.4007883072,2.7138576508
910,2025-02-02 15:29:00+00:00,8.8935546875,20.946666666666665,3.9,20.7000007629,24.7000007629,8.3852567673,2.7138576508
911,2025-02-02 15:30:00+00:00,8.8935546875,20.946666666666662,3.6,20.7000007629,24.7000007629,8.3504486084,2.7138576508
912,2025-02-02 15:31:00+00:00,8.8935546875,20.939999999999998,3.6,20.7000007629,24.7000007629,8.3211860657,2.7138576508
913,2025-02-02 15:32:00+00:00,8.8935546875,20.939999999999998,3.6,20.7000007629,24.7000007629,8.3444633484,2.7138576508
914,2025-02-02 15:33:00+00:00,8.8935546875,20.933333333333334,3.6,20.7000007629,24.7000007629,8.4429130554,2.7138576508
915,2025-02-02 15:34:00+00:00,8.8935546875,20.933333333333334,3.6,20.7000007629,24.7000007629,8.4844141006,2.7138576508
916,2025-02-02 15:35:00+00:00,8.8935546875,20.92,3.6,20.7000007629,24.7000007629,8.3895339966,2.7138576508
917,2025-02-02 15:36:00+00:00,8.8935546875,20.913333333333334,3.6,20.7000007629,24.7000007629,8.3287611008,2.7138576508
918,2025-02-02 15:37:00+00:00,8.8935546875,20.913333333333334,3.6,20.7000007629,24.7000007629,8.2191886902,2.7138576508
919,2025-02-02 15:38:00+00:00,8.8935546875,20.899999999999995,3.6,20.7000007629,24.7000007629,8.0454654694,2.7138576508
920,2025-02-02 15:39:00+00:00,8.8935546875,20.9,3.6,20.7000007629,24.7000007629,7.8711881638,2.7138576508
921,2025-02-02 15:40:00+00:00,8.8935546875,20.9,3.6,20.7000007629,24.7000007629,7.6740245819,2.7138576508
922,2025-02-02 15:41:00+00:00,8.8935546875,20.89333333333333,3.6,20.7000007629,24.7000007629,7.4641618729,2.7138576508
923,2025-02-02 15:42:00+00:00,6.7941894531,20.886666666666667,3.6,20.7000007629,24.7000007629,7.2715787888,2.7138576508
924,2025-02-02 15:43:00+00:00,6.7941894531,20.88,3.6,20.7000007629,24.7000007629,7.1038970947,2.7138576508
925,2025-02-02 15:44:00+00:00,6.7941894531,20.873333333333335,3.6,20.7000007629,24.7000007629,7.0070748329,2.7138576508
926,2025-02-02 15:45:00+00:00,6.7941894531,20.873333333333335,3.6,20.7000007629,24.7000007629,6.9453039169,2.7138576508
927,2025-02-02 15:46:00+00:00,6.7941894531,20.88,3.6,20.7000007629,24.7000007629,6.8996181488,2.7138576508
928,2025-02-02 15:47:00+00:00,6.7941894531,20.88,3.6,20.7000007629,24.7000007629,6.8622908592,2.7138576508
929,2025-02-02 15:48:00+00:00,4.7916259766,20.886666666666663,3.6,20.7000007629,24.7000007629,6.8002748489,2.7138576508
930,2025-02-02 15:49:00+00:00,4.7916259766,20.9,3.6,20.7000007629,24.7000007629,6.7575836182,2.7138576508
931,2025-02-02 15:50:00+00:00,4.7916259766,20.9,3.6,20.7000007629,24.7000007629,6.7429227829,2.7138576508
932,2025-02-02 15:51:00+00:00,4.7916259766,20.90666666666667,3.6,20.7000007629,24.7000007629,6.6870427132,2.7138576508
933,2025-02-02 15:52:00+00:00,4.7916259766,20.906666666666663,3.6,20.7000007629,24.7000007629,6.6476249695,2.7138576508
934,2025-02-02 15:53:00+00:00,4.7916259766,20.913333333333334,3.6,20.7000007629,24.7000007629,6.6097803116,2.7138576508
935,2025-02-02 15:54:00+00:00,4.7916259766,20.913333333333334,3.6,20.7000007629,24.7000007629,6.5400671959,2.7138576508
936,2025-02-02 15:55:00+00:00,4.7916259766,20.90666666666667,3.6,20.7000007629,24.7000007629,6.5062832832,2.7138576508
937,2025-02-02 15:57:00+00:00,4.7916259766,20.9,3.6,20.7000007629,24.7000007629,6.5163559914,2.7138576508
938,2025-02-02 15:58:00+00:00,4.7916259766,20.9,3.6,20.7000007629,24.7000007629,6.5031309128,2.7138576508
939,2025-02-02 15:59:00+00:00,4.7916259766,20.906666666666663,3.6,20.7000007629,24.7000007629,6.4298171997,3.7425632477
940,2025-02-02 16:00:00+00:00,4.7916259766,20.913333333333334,3.6,20.7000007629,24.7000007629,6.3662724495,3.7425632477
941,2025-02-02 16:01:00+00:00,4.7916259766,20.913333333333334,3.6,20.7000007629,24.7000007629,6.3280124664,3.7425632477
942,2025-02-02 16:02:00+00:00,4.7916259766,20.906666666666663,3.6,20.7000007629,24.7000007629,6.3193387985000005,3.7425632477
943,2025-02-02 16:03:00+00:00,4.7916259766,20.90666666666667,3.6,20.7000007629,24.7000007629,6.3082885742,3.7425632477
944,2025-02-02 16:04:00+00:00,4.7916259766,20.9,3.6,20.7000007629,24.7000007629,6.2889413834,3.7425632477
945,2025-02-02 16:05:00+00:00,4.7916259766,20.88,3.6,20.7000007629,24.7000007629,6.2328691483,3.7425632477
946,2025-02-02 16:06:00+00:00,4.7916259766,20.88,3.6,20.7000007629,24.7000007629,6.1735296249000005,3.7425632477
947,2025-02-02 16:07:00+00:00,4.7916259766,20.88,3.6,20.7000007629,24.7000007629,6.1935949326,3.7425632477
948,2025-02-02 16:08:00+00:00,4.7916259766,20.886666666666667,3.6,20.7000007629,24.7000007629,6.2050175667,3.7425632477
949,2025-02-02 16:09:00+00:00,4.7916259766,20.893333333333334,3.6,20.7000007629,24.7000007629,6.1852421761,3.7425632477
950,2025-02-02 16:10:00+00:00,4.7916259766,20.9,3.6,20.7000007629,24.7000007629,6.1124258041,3.7425632477
951,2025-02-02 16:11:00+00:00,4.7916259766,20.906666666666663,3.6,20.7000007629,24.7000007629,6.0886926651,3.7425632477
952,2025-02-02 16:12:00+00:00,4.7916259766,20.913333333333334,3.6,20.7000007629,24.7000007629,6.0618181229,3.7425632477
953,2025-02-02 16:13:00+00:00,4.7916259766,20.913333333333334,3.6,20.7000007629,24.7000007629,6.0857667923,3.7425632477
954,2025-02-02 16:14:00+00:00,4.7916259766,20.913333333333334,3.6,20.7000007629,24.7000007629,6.0714354515,3.7425632477
955,2025-02-02 16:15:00+00:00,4.7916259766,20.913333333333334,3.6,20.7000007629,24.7000007629,6.0254235268,3.7425632477
956,2025-02-02 16:16:00+00:00,4.7916259766,20.913333333333334,3.6,20.7000007629,24.7000007629,5.9799380302,3.7425632477
957,2025-02-02 16:17:00+00:00,4.7916259766,20.92,3.6,20.7000007629,24.7000007629,5.9596943855,3.7425632477
958,2025-02-02 16:18:00+00:00,4.7916259766,20.919999999999998,3.6,20.7000007629,24.7000007629,5.9693055153,3.7425632477
959,2025-02-02 16:19:00+00:00,4.7916259766,20.92,3.6,20.7000007629,24.7000007629,5.9687051773,3.7425632477
960,2025-02-02 16:20:00+00:00,4.7916259766,20.933333333333334,3.6,20.7000007629,24.7000007629,5.9318990707,3.7425632477
961,2025-02-02 16:21:00+00:00,4.7916259766,20.946666666666665,3.6,20.7000007629,24.7000007629,5.9297537804000005,3.7425632477
962,2025-02-02 16:22:00+00:00,4.7916259766,20.946666666666665,3.6,20.7000007629,24.7000007629,5.8923735619,3.7425632477
963,2025-02-02 16:23:00+00:00,4.7916259766,20.939999999999998,3.6,20.7000007629,24.7000007629,5.927341938,3.7425632477
964,2025-02-02 16:24:00+00:00,4.7916259766,20.93333333333333,3.6,20.7000007629,24.7000007629,5.9357438087,3.7425632477
965,2025-02-02 16:25:00+00:00,4.7916259766,20.926666666666666,3.6,20.7000007629,24.7000007629,5.9546694756,3.7425632477
966,2025-02-02 16:26:00+00:00,4.7916259766,20.933333333333334,3.6,20.7000007629,24.7000007629,5.9153518677,3.7425632477
967,2025-02-02 16:27:00+00:00,4.7916259766,20.933333333333334,3.6,20.7000007629,24.7000007629,5.88144207,3.7425632477
968,2025-02-02 16:28:00+00:00,4.7916259766,20.933333333333334,3.6,20.7000007629,24.7000007629,5.9111027718,3.7425632477
969,2025-02-02 16:29:00+00:00,4.7916259766,20.933333333333334,3.6,20.7000007629,24.7000007629,5.945605278,3.7425632477
970,2025-02-02 16:30:00+00:00,4.7916259766,20.939999999999998,3.2,20.7000007629,24.7000007629,5.9839730263,3.7425632477
971,2025-02-02 16:31:00+00:00,4.7916259766,20.939999999999998,3.2,20.7000007629,24.7000007629,5.9403853416,3.7425632477
972,2025-02-02 16:32:00+00:00,4.7916259766,20.926666666666666,3.2,20.7000007629,24.7000007629,5.9024705887,3.7425632477
973,2025-02-02 16:33:00+00:00,4.7916259766,20.926666666666666,3.2,20.7000007629,24.7000007629,5.9328999519,3.7425632477
974,2025-02-02 16:34:00+00:00,4.7916259766,20.919999999999998,3.2,20.7000007629,24.7000007629,5.9175438881,3.7425632477
975,2025-02-02 16:35:00+00:00,4.7916259766,20.919999999999998,3.2,20.7000007629,24.7000007629,5.8791036606,3.7425632477
976,2025-02-02 16:36:00+00:00,4.7916259766,20.919999999999998,3.2,20.7000007629,24.7000007629,5.8856306076,3.7425632477
977,2025-02-02 16:37:00+00:00,4.7916259766,20.906666666666663,3.2,20.7000007629,24.7000007629,5.8671398163,3.7425632477
978,2025-02-02 16:38:00+00:00,4.7916259766,20.90666666666667,3.2,20.7000007629,24.7000007629,5.8748011589,3.7425632477
979,2025-02-02 16:39:00+00:00,4.7916259766,20.9,3.2,20.7000007629,24.7000007629,5.9232797623,3.7425632477
980,2025-02-02 16:40:00+00:00,4.7916259766,20.9,3.2,20.7000007629,24.7000007629,5.926735878,3.7425632477
981,2025-02-02 16:41:00+00:00,4.7916259766,20.9,3.2,20.7000007629,24.7000007629,5.9305906296,3.7425632477
982,2025-02-02 16:42:00+00:00,4.7916259766,20.9,3.2,20.7000007629,24.7000007629,5.9070611,3.7425632477
983,2025-02-02 16:43:00+00:00,4.7916259766,20.899999999999995,3.2,20.7000007629,24.7000007629,5.8977813721,3.7425632477
984,2025-02-02 16:44:00+00:00,4.7916259766,20.9,3.2,20.7000007629,24.7000007629,5.8613123894,3.7425632477
985,2025-02-02 16:45:00+00:00,4.7916259766,20.89333333333333,3.2,20.7000007629,24.7000007629,5.9312324524,3.7425632477
986,2025-02-02 16:46:00+00:00,4.7916259766,20.893333333333334,3.2,20.7000007629,24.7000007629,5.8870339394,3.7425632477
987,2025-02-02 16:48:00+00:00,4.7916259766,20.9,3.2,20.7000007629,24.7000007629,5.8448557854,3.7425632477
988,2025-02-02 16:49:00+00:00,4.7916259766,20.9,3.2,20.7000007629,24.7000007629,5.8257217407,3.7425632477
989,2025-02-02 16:50:00+00:00,4.7916259766,20.90666666666667,3.2,20.7000007629,24.7000007629,5.8497591019,3.7425632477
990,2025-02-02 16:52:00+00:00,4.7916259766,20.9,3.2,20.7000007629,24.7000007629,5.8906807899,3.7425632477
991,2025-02-02 16:53:00+00:00,4.7916259766,20.89333333333333,3.2,20.7000007629,24.7000007629,5.8415408134,3.7425632477
992,2025-02-02 16:54:00+00:00,4.7916259766,20.9,3.2,20.7000007629,24.7000007629,5.8343353271,3.7425632477
993,2025-02-02 16:55:00+00:00,4.7916259766,20.893333333333334,3.2,20.7000007629,24.7000007629,5.7982134819,3.7425632477
994,2025-02-02 16:56:00+00:00,4.7916259766,20.9,3.2,20.7000007629,24.7000007629,5.8104701042,3.7425632477
995,2025-02-02 16:57:00+00:00,4.7916259766,20.89333333333333,3.2,20.7000007629,24.7000007629,5.8164138794,3.7425632477
996,2025-02-02 16:58:00+00:00,4.7916259766,20.88,3.2,20.7000007629,24.7000007629,5.8151965141,3.7425632477
997,2025-02-02 16:59:00+00:00,4.7916259766,20.87333333333333,3.2,20.7000007629,24.7000007629,5.811173439,3.7425632477
998,2025-02-02 17:00:00+00:00,4.7916259766,20.866666666666667,3.2,20.7000007629,24.7000007629,5.7740139961,3.7425632477
999,2025-02-02 17:01:00+00:00,4.7916259766,20.866666666666667,3.2,20.7000007629,24.7000007629,5.8146042824,3.7425632477
1000,2025-02-02 17:02:00+00:00,4.7916259766,20.866666666666667,3.2,20.7000007629,24.7000007629,5.8224630356,3.7425632477
1001,2025-02-02 17:03:00+00:00,4.7916259766,20.866666666666664,3.2,20.7000007629,24.7000007629,5.8588747978,3.7425632477
1002,2025-02-02 17:04:00+00:00,4.7916259766,20.853333333333335,3.2,20.7000007629,24.7000007629,5.8709793091,3.7425632477
1003,2025-02-02 17:05:00+00:00,4.7916259766,20.846666666666668,3.2,20.7000007629,24.7000007629,5.8356027603000005,3.7425632477
1004,2025-02-02 17:06:00+00:00,4.7916259766,20.846666666666668,3.2,20.7000007629,24.7000007629,5.8407020569,3.7425632477
1005,2025-02-02 17:07:00+00:00,4.7916259766,20.846666666666668,3.2,20.7000007629,24.7000007629,5.8932209015,3.7425632477
1006,2025-02-02 17:08:00+00:00,4.7916259766,20.84,3.2,20.7000007629,24.7000007629,5.9199290276,3.7425632477
1007,2025-02-02 17:09:00+00:00,4.7916259766,20.839999999999996,3.2,20.7000007629,24.7000007629,5.8826694489,3.7425632477
1008,2025-02-02 17:10:00+00:00,4.7916259766,20.839999999999996,3.2,20.7000007629,24.7000007629,5.8461046219,3.7425632477
1009,2025-02-02 17:11:00+00:00,4.7916259766,20.84,3.2,20.7000007629,24.7000007629,5.8246665001,3.7425632477
1010,2025-02-02 17:12:00+00:00,4.7916259766,20.846666666666668,3.2,20.7000007629,24.7000007629,5.8777861595,3.7425632477
1011,2025-02-02 17:13:00+00:00,4.7916259766,20.839999999999996,3.2,20.7000007629,24.7000007629,5.8840293884,3.7425632477
1012,2025-02-02 17:14:00+00:00,4.7916259766,20.846666666666668,3.2,20.7000007629,24.7000007629,5.8955049515,3.7425632477
1013,2025-02-02 17:15:00+00:00,2.7875976562,20.846666666666668,3.2,20.7000007629,24.7000007629,5.8782339096000005,3.7425632477
1014,2025-02-02 17:16:00+00:00,2.7875976562,20.846666666666668,3.2,20.7000007629,24.7000007629,5.8418107033,3.7425632477
1015,2025-02-02 17:17:00+00:00,2.7875976562,20.839999999999996,3.2,20.7000007629,24.7000007629,5.8168129921,3.7425632477
1016,2025-02-02 17:18:00+00:00,2.7875976562,20.833333333333332,3.2,20.7000007629,24.7000007629,5.8557729721000005,3.7425632477
1017,2025-02-02 17:19:00+00:00,2.7875976562,20.846666666666668,3.2,20.7000007629,24.7000007629,5.9024381638,3.7425632477
1018,2025-02-02 17:20:00+00:00,2.7875976562,20.846666666666668,3.2,20.7000007629,24.7000007629,5.886343956,3.7425632477
1019,2025-02-02 17:21:00+00:00,2.7875976562,20.839999999999996,3.2,20.7000007629,24.7000007629,5.8662376404,3.7425632477
1020,2025-02-02 17:23:00+00:00,2.7875976562,20.833333333333332,3.2,20.7000007629,24.7000007629,5.854195118,3.7425632477
1021,2025-02-02 17:24:00+00:00,2.7875976562,20.839999999999996,3.2,20.7000007629,24.7000007629,5.8671798706,3.7425632477
1022,2025-02-02 17:25:00+00:00,2.7875976562,20.84,3.2,20.7000007629,24.7000007629,5.8884000778,3.7425632477
1023,2025-02-02 17:26:00+00:00,2.7875976562,20.846666666666668,3.2,20.7000007629,24.7000007629,5.878180027,3.7425632477
1024,2025-02-02 17:27:00+00:00,2.7875976562,20.846666666666668,3.2,20.7000007629,24.7000007629,5.8500156403,3.7425632477
1025,2025-02-02 17:28:00+00:00,2.7875976562,20.846666666666668,3.2,20.7000007629,24.7000007629,5.8166108131000005,3.7425632477
1026,2025-02-02 17:29:00+00:00,2.7875976562,20.853333333333335,3.2,20.7000007629,24.7000007629,5.9080648422,3.7425632477
1027,2025-02-02 17:30:00+00:00,2.7875976562,20.853333333333335,2.9,20.7000007629,24.7000007629,5.8676357269,2.7123622894
1028,2025-02-02 17:31:00+00:00,2.7875976562,20.86,2.9,20.7000007629,24.7000007629,5.8423857689,2.7123622894
1029,2025-02-02 17:32:00+00:00,2.7875976562,20.86,2.9,20.7000007629,24.7000007629,5.8663945198,2.7123622894
1030,2025-02-02 17:33:00+00:00,2.7875976562,20.84666666666667,2.9,20.7000007629,24.7000007629,5.8229346275000005,2.7123622894
1031,2025-02-02 17:34:00+00:00,2.7875976562,20.86,2.9,20.7000007629,24.7000007629,5.869910717,2.7123622894
1032,2025-02-02 17:35:00+00:00,2.7875976562,20.86,2.9,20.7000007629,24.7000007629,5.8542933464,2.7123622894
1033,2025-02-02 17:36:00+00:00,2.7875976562,20.866666666666667,2.9,20.7000007629,24.7000007629,5.8818144798,2.7123622894
1034,2025-02-02 17:37:00+00:00,2.7875976562,20.88,2.9,20.7000007629,24.7000007629,5.8461313248,2.7123622894
1035,2025-02-02 17:38:00+00:00,2.7875976562,20.886666666666667,2.9,20.7000007629,24.7000007629,5.7895126343,2.7123622894
1036,2025-02-02 17:39:00+00:00,2.7875976562,20.88,2.9,20.7000007629,24.7000007629,5.795841217,2.7123622894
1037,2025-02-02 17:40:00+00:00,2.7875976562,20.88,2.9,20.7000007629,24.7000007629,5.7943944931,2.7123622894
1038,2025-02-02 17:41:00+00:00,2.7875976562,20.886666666666667,2.9,20.7000007629,24.7000007629,5.8580112457,2.7123622894
1039,2025-02-02 17:42:00+00:00,2.7875976562,20.886666666666663,2.9,20.7000007629,24.7000007629,5.8769469261000005,2.7123622894
1040,2025-02-02 17:43:00+00:00,2.7875976562,20.886666666666667,2.9,20.7000007629,24.7000007629,5.8212795258,2.7123622894
1041,2025-02-02 17:44:00+00:00,2.7875976562,20.89333333333333,2.9,20.7000007629,24.7000007629,5.8000969887,2.7123622894
1042,2025-02-02 17:45:00+00:00,2.7875976562,20.89333333333333,2.9,20.7000007629,24.7000007629,5.8042411804,2.7123622894
1043,2025-02-02 17:46:00+00:00,2.7875976562,20.893333333333334,2.9,20.7000007629,24.7000007629,5.8170824051,2.7123622894
1044,2025-02-02 17:47:00+00:00,2.7875976562,20.89333333333333,2.9,20.7000007629,24.7000007629,5.7943820953,2.7123622894
1045,2025-02-02 17:48:00+00:00,2.7875976562,20.906666666666663,2.9,20.7000007629,24.7000007629,5.8444018364,2.7123622894
1046,2025-02-02 17:49:00+00:00,2.7875976562,20.9,2.9,20.7000007629,24.7000007629,5.8294591904,2.7123622894
1047,2025-02-02 17:50:00+00:00,2.7875976562,20.9,2.9,20.7000007629,24.7000007629,5.7756800652,2.7123622894
1048,2025-02-02 17:51:00+00:00,2.7875976562,20.89333333333333,2.9,20.7000007629,24.7000007629,5.7664084435,2.7123622894
1049,2025-02-02 17:52:00+00:00,2.7875976562,20.88,2.9,20.7000007629,24.7000007629,5.7990889549,2.7123622894
1050,2025-02-02 17:53:00+00:00,2.7875976562,20.88,2.9,20.7000007629,24.7000007629,5.8536396027,2.7123622894
1051,2025-02-02 17:54:00+00:00,2.7875976562,20.886666666666667,2.9,20.7000007629,24.7000007629,5.8676381111,2.7123622894
1052,2025-02-02 17:55:00+00:00,2.7875976562,20.886666666666663,2.9,20.7000007629,24.7000007629,5.8317513466,2.7123622894
1053,2025-02-02 17:56:00+00:00,2.7875976562,20.88,2.9,20.7000007629,24.7000007629,5.7940893173,2.7123622894
1054,2025-02-02 17:57:00+00:00,2.7875976562,20.88,2.9,20.7000007629,24.7000007629,5.8231372833,2.7123622894
1055,2025-02-02 17:58:00+00:00,2.7875976562,20.879999999999995,2.9,20.7000007629,24.7000007629,5.8512048721,2.7123622894
1056,2025-02-02 17:59:00+00:00,2.7875976562,20.88,2.9,20.7000007629,24.7000007629,5.8706560135,2.7123622894
1057,2025-02-02 18:00:00+00:00,2.7875976562,20.88,2.9,20.7000007629,24.7000007629,5.8694925308,2.7123622894
1058,2025-02-02 18:01:00+00:00,2.7875976562,20.87333333333333,2.9,20.7000007629,24.7000007629,5.8161072731,2.7123622894
1059,2025-02-02 18:02:00+00:00,2.7875976562,20.88,2.9,20.7000007629,24.7000007629,5.8950939178,2.7123622894
1060,2025-02-02 18:03:00+00:00,2.7875976562,20.886666666666663,2.9,20.7000007629,24.7000007629,5.8830246925,2.7123622894
1061,2025-02-02 18:04:00+00:00,2.7875976562,20.873333333333335,2.9,20.7000007629,24.7000007629,5.8854432106,2.7123622894
1062,2025-02-02 18:05:00+00:00,2.7875976562,20.866666666666664,2.9,20.7000007629,24.7000007629,5.8512377739,2.7123622894
1063,2025-02-02 18:06:00+00:00,2.7875976562,20.866666666666667,2.9,20.7000007629,24.7000007629,5.8421530724,2.7123622894
1064,2025-02-02 18:07:00+00:00,2.7875976562,20.873333333333335,2.9,20.7000007629,24.7000007629,5.8439598083,2.7123622894
1065,2025-02-02 18:08:00+00:00,2.7875976562,20.87333333333333,2.9,20.7000007629,24.7000007629,5.8235216141,2.7123622894
1066,2025-02-02 18:09:00+00:00,2.7875976562,20.87333333333333,2.9,20.7000007629,24.7000007629,5.8722300529,2.7123622894
1067,2025-02-02 18:10:00+00:00,2.7875976562,20.866666666666667,2.9,20.7000007629,24.7000007629,5.8502044678,2.7123622894
1068,2025-02-02 18:11:00+00:00,2.7875976562,20.87333333333333,2.9,20.7000007629,24.7000007629,5.8062624931,2.7123622894
1069,2025-02-02 18:12:00+00:00,2.7875976562,20.873333333333335,2.9,20.7000007629,24.7000007629,5.7934803963,2.7123622894
1070,2025-02-02 18:13:00+00:00,2.7875976562,20.873333333333335,2.9,20.7000007629,24.7000007629,5.7782115936,2.7123622894
1071,2025-02-02 18:14:00+00:00,2.7875976562,20.87333333333333,2.9,20.7000007629,24.7000007629,5.8628149033,2.7123622894
1072,2025-02-02 18:15:00+00:00,2.7875976562,20.866666666666667,2.9,20.7000007629,24.7000007629,5.8986678123,2.7123622894
1073,2025-02-02 18:16:00+00:00,2.7875976562,20.873333333333335,2.9,20.7000007629,24.7000007629,5.8602619171,2.7123622894
1074,2025-02-02 18:17:00+00:00,2.7875976562,20.866666666666667,2.9,20.7000007629,24.7000007629,5.837949276,2.7123622894
1075,2025-02-02 18:18:00+00:00,2.7875976562,20.873333333333335,2.9,20.7000007629,24.7000007629,5.8206834793,2.7123622894
1076,2025-02-02 18:19:00+00:00,2.7875976562,20.886666666666663,2.9,20.7000007629,24.7000007629,5.9001307487,2.7123622894
1077,2025-02-02 18:20:00+00:00,2.7875976562,20.893333333333334,2.9,20.7000007629,24.7000007629,5.9035077095,2.7123622894
1078,2025-02-02 18:21:00+00:00,2.7875976562,20.89333333333333,2.9,20.7000007629,24.7000007629,5.8648452759000005,2.7123622894
1079,2025-02-02 18:22:00+00:00,2.7875976562,20.89333333333333,2.9,20.7000007629,24.7000007629,5.8113188744,2.7123622894
1080,2025-02-02 18:23:00+00:00,2.7875976562,20.886666666666667,2.9,20.7000007629,24.7000007629,5.8443922997,2.7123622894
1081,2025-02-02 18:24:00+00:00,2.7875976562,20.88,2.9,20.7000007629,24.7000007629,5.8586354256,2.7123622894
1082,2025-02-02 18:25:00+00:00,2.7875976562,20.886666666666667,2.9,20.7000007629,24.7000007629,5.8623762131,2.7123622894
1083,2025-02-02 18:26:00+00:00,2.7875976562,20.88,2.9,20.7000007629,24.7000007629,5.8863215446,2.7123622894
1084,2025-02-02 18:27:00+00:00,2.7875976562,20.88,2.9,20.7000007629,24.7000007629,5.8533096313,2.7123622894
1085,2025-02-02 18:28:00+00:00,2.7875976562,20.88,2.9,20.7000007629,24.7000007629,5.8362960815000005,2.7123622894
1086,2025-02-02 18:30:00+00:00,2.7875976562,20.88,2.6,20.7000007629,24.7000007629,5.8126730919,2.7123622894
1087,2025-02-02 18:31:00+00:00,2.7875976562,20.886666666666667,2.6,20.7000007629,24.7000007629,4.4177927971,2.7123622894
1088,2025-02-02 18:32:00+00:00,2.7875976562,20.886666666666663,2.6,20.7000007629,24.7000007629,3.5815141201,2.7123622894
1089,2025-02-02 18:34:00+00:00,2.7875976562,20.88,2.6,20.7000007629,24.7000007629,2.634013176,2.7123622894
1090,2025-02-02 18:36:00+00:00,2.7875976562,20.866666666666667,2.6,20.7000007629,24.7000007629,2.3582632542,2.7123622894
1091,2025-02-02 18:37:00+00:00,2.7875976562,20.86,2.6,20.7000007629,24.7000007629,2.2463567257,2.7123622894
1092,2025-02-02 18:38:00+00:00,2.7875976562,20.85333333333333,2.6,20.7000007629,24.7000007629,2.2124755383,2.7123622894
1093,2025-02-02 18:39:00+00:00,2.7875976562,20.866666666666667,2.6,20.7000007629,24.7000007629,2.1422946453,2.7123622894
1094,2025-02-02 18:40:00+00:00,2.7875976562,20.866666666666667,2.6,20.7000007629,24.7000007629,2.116199255,2.7123622894
1095,2025-02-02 18:41:00+00:00,2.7875976562,20.866666666666667,2.6,20.7000007629,24.7000007629,2.1641013622,2.7123622894
1096,2025-02-02 18:42:00+00:00,2.7875976562,20.873333333333335,2.6,20.7000007629,24.7000007629,2.1741447449,2.7123622894
1097,2025-02-02 18:43:00+00:00,2.7875976562,20.87333333333333,2.6,20.7000007629,24.7000007629,2.1471600533,2.7123622894
1098,2025-02-02 18:44:00+00:00,2.7875976562,20.866666666666667,2.6,20.7000007629,24.7000007629,2.1163344383,2.7123622894
1099,2025-02-02 18:45:00+00:00,2.7875976562,20.866666666666664,2.6,20.7000007629,24.7000007629,2.0708913803,2.7123622894
1100,2025-02-02 18:46:00+00:00,2.7875976562,20.86,2.6,20.7000007629,24.7000007629,2.1248269081,2.7123622894
1101,2025-02-02 18:47:00+00:00,2.7875976562,20.860000000000003,2.6,20.7000007629,24.7000007629,2.1539406776,2.7123622894
1102,2025-02-02 18:48:00+00:00,2.7875976562,20.86,2.6,20.7000007629,24.7000007629,2.151932478,2.7123622894
1103,2025-02-02 18:49:00+00:00,2.7875976562,20.846666666666668,2.6,20.7000007629,24.7000007629,2.0993683338,2.7123622894
1104,2025-02-02 18:50:00+00:00,2.7875976562,20.846666666666668,2.6,20.7000007629,24.7000007629,2.0795631409,2.7123622894
1105,2025-02-02 18:51:00+00:00,2.7875976562,20.846666666666668,2.6,20.7000007629,24.7000007629,2.1229858398,2.7123622894
1106,2025-02-02 18:52:00+00:00,2.7875976562,20.85333333333333,2.6,20.7000007629,24.7000007629,2.0997185707,2.7123622894
1107,2025-02-02 18:53:00+00:00,2.7875976562,20.853333333333335,2.6,20.7000007629,24.7000007629,2.1064822674,2.7123622894
1108,2025-02-02 18:54:00+00:00,2.7875976562,20.84,2.6,20.7000007629,24.7000007629,2.0740242004,2.7123622894
1109,2025-02-02 18:55:00+00:00,2.7875976562,20.833333333333332,2.6,20.7000007629,24.7000007629,2.0686433315,2.7123622894
1110,2025-02-02 18:56:00+00:00,2.7875976562,20.826666666666668,2.6,20.7000007629,24.7000007629,2.0948081017,2.7123622894
1111,2025-02-02 18:57:00+00:00,2.7875976562,20.813333333333333,2.6,20.7000007629,24.7000007629,2.1533908844,2.7123622894
1112,2025-02-02 18:58:00+00:00,2.7875976562,20.813333333333333,2.6,20.7000007629,24.7000007629,2.2149958611,2.7123622894
1113,2025-02-02 18:59:00+00:00,2.7875976562,20.80666666666667,2.6,20.7000007629,24.7000007629,2.2009189129,2.7123622894
1114,2025-02-02 19:00:00+00:00,2.7875976562,20.8,2.6,20.7000007629,24.7000007629,2.1535117626,2.7123622894
1115,2025-02-02 19:01:00+00:00,2.7875976562,20.80666666666667,2.6,20.7000007629,24.7000007629,2.1294946671,2.7123622894
1116,2025-02-02 19:02:00+00:00,2.7875976562,20.793333333333333,2.6,20.7000007629,24.7000007629,2.161509037,2.7123622894
1117,2025-02-02 19:03:00+00:00,2.7875976562,20.779999999999998,2.6,20.7000007629,24.7000007629,2.1309990883,2.7123622894
1118,2025-02-02 19:04:00+00:00,2.7875976562,20.793333333333333,2.6,20.7000007629,24.7000007629,2.1132581234,2.7123622894
1119,2025-02-02 19:05:00+00:00,2.7875976562,20.8,2.6,20.7000007629,24.7000007629,2.083450079,2.7123622894
1120,2025-02-02 19:06:00+00:00,2.7875976562,20.8,2.6,20.7000007629,24.7000007629,2.0811183453,2.7123622894
1121,2025-02-02 19:07:00+00:00,2.7875976562,20.8,2.6,20.7000007629,24.7000007629,2.0855174065,2.7123622894
1122,2025-02-02 19:08:00+00:00,2.7875976562,20.806666666666665,2.6,20.7000007629,24.7000007629,2.0825681686,2.7123622894
1123,2025-02-02 19:09:00+00:00,2.7875976562,20.8,2.6,20.7000007629,24.7000007629,2.1300032139,2.7123622894
1124,2025-02-02 19:10:00+00:00,2.7875976562,20.799999999999997,2.6,20.7000007629,24.7000007629,2.1106317043,2.7123622894
1125,2025-02-02 19:11:00+00:00,2.7875976562,20.806666666666665,2.6,20.7000007629,24.7000007629,2.0922400951,2.7123622894
1126,2025-02-02 19:12:00+00:00,2.7875976562,20.806666666666665,2.6,20.7000007629,24.7000007629,2.1146895885,2.7123622894
1127,2025-02-02 19:13:00+00:00,2.7875976562,20.8,2.6,20.7000007629,24.7000007629,2.1103117466,2.7123622894
1128,2025-02-02 19:14:00+00:00,2.7875976562,20.813333333333333,2.6,20.7000007629,24.7000007629,2.1426150799,2.7123622894
1129,2025-02-02 19:16:00+00:00,2.7875976562,20.813333333333333,2.6,20.7000007629,24.7000007629,2.1177637577,2.7123622894
1130,2025-02-02 19:17:00+00:00,2.7875976562,20.813333333333333,2.6,20.7000007629,24.7000007629,2.1059062481,2.7123622894
1131,2025-02-02 19:18:00+00:00,2.7875976562,20.82,2.6,20.7000007629,24.7000007629,2.0994832516,2.7123622894
1132,2025-02-02 19:19:00+00:00,2.7875976562,20.833333333333332,2.6,20.7000007629,24.7000007629,2.1482892036,2.7123622894
1133,2025-02-02 19:20:00+00:00,2.7875976562,20.826666666666668,2.6,20.7000007629,24.7000007629,2.1528728008,2.7123622894
1134,2025-02-02 19:21:00+00:00,2.7875976562,20.826666666666664,2.6,20.7000007629,24.7000007629,2.1329698563,2.7123622894
1135,2025-02-02 19:22:00+00:00,2.7875976562,20.833333333333332,2.6,20.7000007629,24.7000007629,2.1178832054,2.7123622894
1136,2025-02-02 19:23:00+00:00,2.7875976562,20.82,2.6,20.7000007629,24.7000007629,2.0842804909,2.7123622894
1137,2025-02-02 19:24:00+00:00,2.7875976562,20.80666666666667,2.6,20.7000007629,24.7000007629,2.0826518536,2.7123622894
1138,2025-02-02 19:25:00+00:00,2.7875976562,20.819999999999997,2.6,20.7000007629,24.7000007629,2.1251749992,2.7123622894
1139,2025-02-02 19:26:00+00:00,2.7875976562,20.82,2.6,20.7000007629,24.7000007629,2.1252274513,2.7123622894
1140,2025-02-02 19:27:00+00:00,2.7875976562,20.826666666666664,2.6,20.7000007629,24.7000007629,2.0428295135,2.7123622894
1141,2025-02-02 19:28:00+00:00,2.7875976562,20.826666666666668,2.6,20.7000007629,24.7000007629,2.0481228828,2.7123622894
1142,2025-02-02 19:29:00+00:00,2.7875976562,20.826666666666664,2.6,20.7000007629,24.7000007629,2.1595332623,2.7123622894
1143,2025-02-02 19:30:00+00:00,2.7875976562,20.819999999999997,2.2,20.7000007629,24.7000007629,2.1987192631,2.7123622894
1144,2025-02-02 19:31:00+00:00,2.7875976562,20.826666666666668,2.2,20.7000007629,24.7000007629,2.1577832699,2.7123622894
1145,2025-02-02 19:32:00+00:00,2.7875976562,20.819999999999997,2.2,20.7000007629,24.7000007629,2.1269621849,2.7123622894
1146,2025-02-02 19:33:00+00:00,2.7875976562,20.819999999999997,2.2,20.7000007629,24.7000007629,2.1083226204,2.7123622894
1147,2025-02-02 19:34:00+00:00,2.7875976562,20.82,2.2,20.7000007629,24.7000007629,2.0952312946,2.7123622894
1148,2025-02-02 19:35:00+00:00,2.7875976562,20.819999999999997,2.2,20.7000007629,24.7000007629,2.203715086,2.7123622894
1149,2025-02-02 19:36:00+00:00,2.7875976562,20.813333333333333,2.2,20.7000007629,24.7000007629,2.1865200996,2.7123622894
1150,2025-02-02 19:37:00+00:00,2.7875976562,20.806666666666665,2.2,20.7000007629,24.7000007629,2.1240870953,2.7123622894
1151,2025-02-02 19:38:00+00:00,2.7875976562,20.813333333333333,2.2,20.7000007629,24.7000007629,2.106482029,2.7123622894
1152,2025-02-02 19:39:00+00:00,2.7875976562,20.82,2.2,20.7000007629,24.7000007629,2.1130080223,2.7123622894
1153,2025-02-02 19:40:00+00:00,2.7875976562,20.813333333333336,2.2,20.7000007629,24.7000007629,2.1694450378,2.7123622894
1154,2025-02-02 19:41:00+00:00,2.7875976562,20.80666666666667,2.2,20.7000007629,24.7000007629,2.1398894787,2.7123622894
1155,2025-02-02 19:42:00+00:00,2.7875976562,20.800000000000004,2.2,20.7000007629,24.7000007629,2.1168670654,2.7123622894
1156,2025-02-02 19:43:00+00:00,2.7875976562,20.82,2.2,20.7000007629,24.7000007629,2.1012294292,2.7123622894
1157,2025-02-02 19:44:00+00:00,2.7875976562,20.826666666666664,2.2,20.7000007629,24.7000007629,2.1142137051,2.7123622894
1158,2025-02-02 19:45:00+00:00,2.7875976562,20.833333333333332,2.2,20.7000007629,24.7000007629,2.1564588547,2.7123622894
1159,2025-02-02 19:46:00+00:00,2.7875976562,20.833333333333332,2.2,20.7000007629,24.7000007629,2.1557085514,2.7123622894
1160,2025-02-02 19:47:00+00:00,2.7875976562,20.833333333333332,2.2,20.7000007629,24.7000007629,2.1237785816,2.7123622894
1161,2025-02-02 19:49:00+00:00,2.7875976562,20.84,2.2,20.7000007629,24.7000007629,2.0797390938,2.7123622894
1162,2025-02-02 19:50:00+00:00,2.7875976562,20.839999999999996,2.2,20.7000007629,24.7000007629,2.0794637203,2.7123622894
1163,2025-02-02 19:51:00+00:00,2.7875976562,20.839999999999996,2.2,20.7000007629,24.7000007629,2.1531624794,2.7123622894
1164,2025-02-02 19:52:00+00:00,2.7875976562,20.84,2.2,20.7000007629,24.7000007629,2.1400220394,2.7123622894
1165,2025-02-02 19:53:00+00:00,2.7875976562,20.84,2.2,20.7000007629,24.7000007629,2.1654293537,2.7123622894
1166,2025-02-02 19:54:00+00:00,2.7875976562,20.84,2.2,20.7000007629,24.7000007629,2.2005052567,2.7123622894
1167,2025-02-02 19:55:00+00:00,2.7875976562,20.839999999999996,2.2,20.7000007629,24.7000007629,2.1436066628,2.7123622894
1168,2025-02-02 19:56:00+00:00,2.7875976562,20.833333333333332,2.2,20.7000007629,24.7000007629,2.1314527988,2.7123622894
1169,2025-02-02 19:57:00+00:00,2.7875976562,20.839999999999996,2.2,20.7000007629,24.7000007629,2.141408205,2.7123622894
1170,2025-02-02 19:58:00+00:00,2.7875976562,20.839999999999996,2.2,20.7000007629,24.7000007629,2.1424334049,2.7123622894
1171,2025-02-02 19:59:00+00:00,2.7875976562,20.826666666666664,2.2,20.7000007629,24.7000007629,2.1714391708,2.7123622894
1172,2025-02-02 20:00:00+00:00,2.7875976562,20.826666666666664,2.2,20.7000007629,24.7000007629,2.1315786839,2.7123622894
1173,2025-02-02 20:01:00+00:00,2.7875976562,20.82,2.2,20.7000007629,24.7000007629,2.1118619442,2.7123622894
1174,2025-02-02 20:02:00+00:00,2.7875976562,20.813333333333333,2.2,20.7000007629,24.7000007629,2.1168708801,2.7123622894
1175,2025-02-02 20:03:00+00:00,2.7875976562,20.813333333333333,2.2,20.7000007629,24.7000007629,2.1253511906,2.7123622894
1176,2025-02-02 20:04:00+00:00,2.7875976562,20.8,2.2,20.7000007629,24.7000007629,2.1456186771,2.7123622894
1177,2025-02-02 20:05:00+00:00,2.7875976562,20.78666666666667,2.2,20.7000007629,24.7000007629,2.1294736862,2.7123622894
1178,2025-02-02 20:06:00+00:00,2.7875976562,20.779999999999998,2.2,20.7000007629,24.7000007629,2.1210644245,2.7123622894
1179,2025-02-02 20:07:00+00:00,2.7875976562,20.773333333333333,2.2,20.7000007629,24.7000007629,2.1347205639,2.7123622894
1180,2025-02-02 20:08:00+00:00,2.7875976562,20.77333333333333,2.2,20.7000007629,24.7000007629,2.1748182774,2.7123622894
1181,2025-02-02 20:10:00+00:00,2.7875976562,20.77333333333333,2.2,20.7000007629,24.7000007629,2.1212415695,2.7123622894
1182,2025-02-02 20:11:00+00:00,2.7875976562,20.773333333333333,2.2,20.7000007629,24.7000007629,2.0960066319,2.7123622894
1183,2025-02-02 20:12:00+00:00,2.7875976562,20.779999999999998,2.2,20.7000007629,24.7000007629,2.1006138325,2.7123622894
1184,2025-02-02 20:13:00+00:00,2.7875976562,20.780000000000005,2.2,20.7000007629,24.7000007629,2.1421244144,2.7123622894
1185,2025-02-02 20:14:00+00:00,2.7875976562,20.779999999999998,2.2,20.7000007629,24.7000007629,2.187656641,2.7123622894
1186,2025-02-02 20:15:00+00:00,2.7875976562,20.779999999999998,2.2,20.7000007629,24.7000007629,2.1947872639,2.7123622894
1187,2025-02-02 20:16:00+00:00,2.7875976562,20.773333333333333,2.2,20.7000007629,24.7000007629,2.1324625015,2.7123622894
1188,2025-02-02 20:17:00+00:00,2.7875976562,20.766666666666666,2.2,20.7000007629,24.7000007629,2.1094810963,2.7123622894
1189,2025-02-02 20:18:00+00:00,2.7875976562,20.766666666666666,2.2,20.7000007629,24.7000007629,2.1349887848,2.7123622894
1190,2025-02-02 20:19:00+00:00,2.7875976562,20.77333333333333,2.2,20.7000007629,24.7000007629,2.141456604,2.7123622894
1191,2025-02-02 20:20:00+00:00,2.7875976562,20.773333333333333,2.2,20.7000007629,24.7000007629,2.108314991,2.7123622894
1192,2025-02-02 20:21:00+00:00,2.7875976562,20.773333333333333,2.2,20.7000007629,24.7000007629,2.1058075428,2.7123622894
1193,2025-02-02 20:22:00+00:00,2.7875976562,20.773333333333333,2.2,20.7000007629,24.7000007629,2.0972533226,2.7123622894
1194,2025-02-02 20:23:00+00:00,2.7875976562,20.779999999999998,2.2,20.7000007629,24.7000007629,2.1112854481,2.7123622894
1195,2025-02-02 20:24:00+00:00,2.7875976562,20.780000000000005,2.2,20.7000007629,24.7000007629,2.145819664,2.7123622894
1196,2025-02-02 20:25:00+00:00,2.7875976562,20.779999999999998,2.2,20.7000007629,24.7000007629,2.1387107372,2.7123622894
1197,2025-02-02 20:26:00+00:00,2.7875976562,20.779999999999998,2.2,20.7000007629,24.7000007629,2.1011526585,2.7123622894
1198,2025-02-02 20:27:00+00:00,2.7875976562,20.77333333333333,2.2,20.7000007629,24.7000007629,2.0910668373,2.7123622894
1199,2025-02-02 20:28:00+00:00,2.7875976562,20.77333333333333,2.2,20.7000007629,24.7000007629,2.0764284134,2.7123622894
1200,2025-02-02 20:29:00+00:00,2.7875976562,20.773333333333333,2.2,20.7000007629,24.7000007629,2.090764761,2.7123622894
1201,2025-02-02 20:30:00+00:00,2.7875976562,20.779999999999998,2.2,20.7000007629,24.7000007629,2.0817654133,2.7123622894
1202,2025-02-02 20:31:00+00:00,2.7875976562,20.773333333333333,2.2,20.7000007629,24.7000007629,2.1304597855,2.7123622894
1203,2025-02-02 20:32:00+00:00,2.7875976562,20.78666666666667,2.2,20.7000007629,24.7000007629,2.1368894577,2.7123622894
1204,2025-02-02 20:33:00+00:00,2.7875976562,20.793333333333333,2.2,20.7000007629,24.7000007629,2.1162984371,2.7123622894
1205,2025-02-02 20:34:00+00:00,2.7875976562,20.793333333333337,2.2,20.7000007629,24.7000007629,2.1421751976,2.7123622894
1206,2025-02-02 20:35:00+00:00,2.7875976562,20.793333333333333,2.2,20.7000007629,24.7000007629,2.1619999409,2.7123622894
1207,2025-02-02 20:37:00+00:00,2.7875976562,20.8,2.2,20.7000007629,24.7000007629,2.1447994709,2.7123622894
1208,2025-02-02 20:38:00+00:00,2.7875976562,20.8,2.2,20.7000007629,24.7000007629,2.1345617771,2.7123622894
1209,2025-02-02 20:39:00+00:00,2.7875976562,20.793333333333333,2.2,20.7000007629,24.7000007629,2.1002173424,2.7123622894
1210,2025-02-02 20:40:00+00:00,2.7875976562,20.786666666666665,2.2,20.7000007629,24.7000007629,2.0849168301,2.7123622894
1211,2025-02-02 20:41:00+00:00,2.7875976562,20.793333333333337,2.2,20.7000007629,24.7000007629,2.1053397655,2.7123622894
1212,2025-02-02 20:42:00+00:00,2.7875976562,20.78666666666667,2.2,20.7000007629,24.7000007629,2.0960729122,2.7123622894
1213,2025-02-02 20:43:00+00:00,2.7875976562,20.793333333333337,2.2,20.7000007629,24.7000007629,2.124655962,2.7123622894
1214,2025-02-02 20:44:00+00:00,2.7875976562,20.78666666666667,2.2,20.7000007629,24.7000007629,2.1251380444,2.7123622894
1215,2025-02-02 20:45:00+00:00,2.7875976562,20.78666666666667,2.2,20.7000007629,24.7000007629,2.1231768131,2.7123622894
1216,2025-02-02 20:46:00+00:00,2.7875976562,20.779999999999998,2.2,20.7000007629,24.7000007629,2.1650226116,2.7123622894
1217,2025-02-02 20:47:00+00:00,2.7875976562,20.786666666666665,2.2,20.7000007629,24.7000007629,2.180031538,2.7123622894
1218,2025-02-02 20:48:00+00:00,2.7875976562,20.779999999999998,2.2,20.7000007629,24.7000007629,2.1461598873,2.7123622894
1219,2025-02-02 20:49:00+00:00,2.7875976562,20.773333333333333,2.2,20.7000007629,24.7000007629,2.106675148,2.7123622894
1220,2025-02-02 20:50:00+00:00,2.7875976562,20.766666666666666,2.2,20.7000007629,24.7000007629,2.0880758762,2.7123622894
1221,2025-02-02 20:51:00+00:00,2.7875976562,20.766666666666666,2.2,20.7000007629,24.7000007629,2.1211938858,2.7123622894
1222,2025-02-02 20:52:00+00:00,2.7875976562,20.766666666666666,2.2,20.7000007629,24.7000007629,2.1526646614,2.7123622894
1223,2025-02-02 20:53:00+00:00,2.7875976562,20.766666666666666,2.2,20.7000007629,24.7000007629,2.1606619358,2.7123622894
1224,2025-02-02 20:54:00+00:00,2.7875976562,20.766666666666666,2.2,20.7000007629,24.7000007629,2.1209316254,2.7123622894
1225,2025-02-02 20:55:00+00:00,2.7875976562,20.779999999999998,2.2,20.7000007629,24.7000007629,2.0941722393,2.7123622894
1226,2025-02-02 20:56:00+00:00,2.7875976562,20.766666666666666,2.2,20.7000007629,24.7000007629,2.1081986427,2.7123622894
1227,2025-02-02 20:57:00+00:00,2.7875976562,20.766666666666666,2.2,20.7000007629,24.7000007629,2.205653429,2.7123622894
1228,2025-02-02 20:58:00+00:00,2.7875976562,20.759999999999998,2.2,20.7000007629,24.7000007629,2.2001781464,2.7123622894
1229,2025-02-02 20:59:00+00:00,2.7875976562,20.759999999999998,2.2,20.7000007629,24.7000007629,2.1809170246,2.7123622894
1230,2025-02-02 21:00:00+00:00,2.7875976562,20.759999999999998,2.2,20.7000007629,24.7000007629,2.1448297501,2.7123622894
1231,2025-02-02 21:01:00+00:00,2.7875976562,20.753333333333334,2.2,20.7000007629,24.7000007629,2.1041274071,2.7123622894
1232,2025-02-02 21:02:00+00:00,2.7875976562,20.753333333333334,2.2,20.7000007629,24.7000007629,2.11318326,2.7123622894
1233,2025-02-02 21:03:00+00:00,2.7875976562,20.753333333333334,2.2,20.7000007629,24.7000007629,2.1296055317,2.7123622894
1234,2025-02-02 21:04:00+00:00,2.7875976562,20.759999999999998,2.2,20.7000007629,24.7000007629,2.1488349438,2.7123622894
1235,2025-02-02 21:05:00+00:00,2.7875976562,20.766666666666666,2.2,20.7000007629,24.7000007629,2.0977137089,2.7123622894
1236,2025-02-02 21:06:00+00:00,2.7875976562,20.77333333333333,2.2,20.7000007629,24.7000007629,2.0957508087,2.7123622894
1237,2025-02-02 21:07:00+00:00,2.7875976562,20.77333333333333,2.2,20.7000007629,24.7000007629,2.0849752426,2.7123622894
1238,2025-02-02 21:08:00+00:00,2.7875976562,20.77333333333333,2.2,20.7000007629,24.7000007629,2.1046113968,2.7123622894
1239,2025-02-02 21:09:00+00:00,2.7875976562,20.779999999999998,2.2,20.7000007629,24.7000007629,2.1341969967,2.7123622894
1240,2025-02-02 21:10:00+00:00,2.7875976562,20.780000000000005,2.2,20.7000007629,24.7000007629,2.1579802036,2.7123622894
1241,2025-02-02 21:11:00+00:00,2.7875976562,20.793333333333333,2.2,20.7000007629,24.7000007629,2.1951963902,2.7123622894
1242,2025-02-02 21:12:00+00:00,2.7875976562,20.793333333333333,2.2,20.7000007629,24.7000007629,2.1474440098,2.7123622894
1243,2025-02-02 21:13:00+00:00,2.7875976562,20.793333333333333,2.2,20.7000007629,24.7000007629,2.1326525211,2.7123622894
1244,2025-02-02 21:14:00+00:00,2.7875976562,20.8,2.2,20.7000007629,24.7000007629,2.1405601501,2.7123622894
1245,2025-02-02 21:15:00+00:00,2.7875976562,20.80666666666667,2.2,20.7000007629,24.7000007629,2.1425654888,2.7123622894
1246,2025-02-02 21:16:00+00:00,2.7875976562,20.82,2.2,20.7000007629,24.7000007629,2.1240060329,2.7123622894
1247,2025-02-02 21:17:00+00:00,2.7875976562,20.813333333333333,2.2,20.7000007629,24.7000007629,2.1468942165,2.7123622894
1248,2025-02-02 21:18:00+00:00,2.7875976562,20.813333333333333,2.2,20.7000007629,24.7000007629,2.1274681091,2.7123622894
1249,2025-02-02 21:19:00+00:00,2.7875976562,20.80666666666667,2.2,20.7000007629,24.7000007629,2.0938014984,2.7123622894
1250,2025-02-02 21:20:00+00:00,2.7875976562,20.8,2.2,20.7000007629,24.7000007629,2.094379425,2.7123622894
1251,2025-02-02 21:21:00+00:00,2.7875976562,20.8,2.2,20.7000007629,24.7000007629,2.1530776024,2.7123622894
1252,2025-02-02 21:22:00+00:00,2.7875976562,20.8,2.2,20.7000007629,24.7000007629,2.1697468758,2.7123622894
1253,2025-02-02 21:23:00+00:00,2.7875976562,20.813333333333336,2.2,20.7000007629,24.7000007629,2.1966986656,2.7123622894
1254,2025-02-02 21:24:00+00:00,2.7875976562,20.80666666666667,2.2,20.7000007629,24.7000007629,2.1374502182,2.7123622894
1255,2025-02-02 21:25:00+00:00,2.7875976562,20.793333333333333,2.2,20.7000007629,24.7000007629,2.1078603268,2.7123622894
1256,2025-02-02 21:26:00+00:00,2.7875976562,20.78666666666667,2.2,20.7000007629,24.7000007629,2.1799623966,2.7123622894
1257,2025-02-02 21:27:00+00:00,2.7875976562,20.78666666666667,2.2,20.7000007629,24.7000007629,2.1808393002,2.7123622894
1258,2025-02-02 21:28:00+00:00,2.7875976562,20.78666666666667,2.2,20.7000007629,24.7000007629,2.1177577972,2.7123622894
1259,2025-02-02 21:29:00+00:00,2.7875976562,20.78666666666667,2.2,20.7000007629,24.7000007629,2.1204221249,2.7123622894
1260,2025-02-02 21:30:00+00:00,2.7875976562,20.779999999999998,1.8,20.7000007629,24.7000007629,2.103811264,2.7123622894
1261,2025-02-02 21:31:00+00:00,2.7875976562,20.766666666666666,1.8,20.7000007629,24.7000007629,2.1002390385,2.7123622894
1262,2025-02-02 21:32:00+00:00,2.7875976562,20.766666666666666,1.8,20.7000007629,24.7000007629,2.1175842285,2.7123622894
1263,2025-02-02 21:33:00+00:00,2.7875976562,20.759999999999998,1.8,20.7000007629,24.7000007629,2.1409091949,2.7123622894
1264,2025-02-02 21:34:00+00:00,2.7875976562,20.75333333333333,1.8,20.7000007629,24.7000007629,2.1648521423,2.7123622894
1265,2025-02-02 21:35:00+00:00,2.7875976562,20.753333333333334,1.8,20.7000007629,24.7000007629,2.1449282169,2.7123622894
1266,2025-02-02 21:36:00+00:00,2.7875976562,20.746666666666666,1.8,20.7000007629,24.7000007629,2.1352009773,2.7123622894
1267,2025-02-02 21:37:00+00:00,2.7875976562,20.740000000000002,1.8,20.7000007629,24.7000007629,2.0988590717,2.7123622894
1268,2025-02-02 21:38:00+00:00,2.7875976562,20.733333333333334,1.8,20.7000007629,24.7000007629,2.0969381332,2.7123622894
1269,2025-02-02 21:39:00+00:00,2.7875976562,20.733333333333334,1.8,20.7000007629,24.7000007629,2.1505784988,2.7123622894
1270,2025-02-02 21:40:00+00:00,2.7875976562,20.733333333333334,1.8,20.7000007629,24.7000007629,2.171448946,2.7123622894
1271,2025-02-02 21:41:00+00:00,2.7875976562,20.733333333333334,1.8,20.7000007629,24.7000007629,2.1425805092,2.7123622894
1272,2025-02-02 21:42:00+00:00,2.7875976562,20.74,1.8,20.7000007629,24.7000007629,2.124702692,2.7123622894
1273,2025-02-02 21:43:00+00:00,2.7875976562,20.746666666666666,1.8,20.7000007629,24.7000007629,2.1478962898,2.7123622894
1274,2025-02-02 21:44:00+00:00,2.7875976562,20.74,1.8,20.7000007629,24.7000007629,2.1491603851,2.7123622894
1275,2025-02-02 21:45:00+00:00,2.7875976562,20.733333333333334,1.8,20.7000007629,24.7000007629,2.2277128696,2.7123622894
1276,2025-02-02 21:46:00+00:00,2.7875976562,20.733333333333334,1.8,20.7000007629,24.7000007629,2.1763625145,2.7123622894
1277,2025-02-02 21:47:00+00:00,2.7875976562,20.733333333333334,1.8,20.7000007629,24.7000007629,2.1512181759,2.7123622894
1278,2025-02-02 21:48:00+00:00,2.7875976562,20.733333333333334,1.8,20.7000007629,24.7000007629,2.1190478802,2.7123622894
1279,2025-02-02 21:49:00+00:00,2.7875976562,20.740000000000002,1.8,20.7000007629,24.7000007629,2.1301138401,2.7123622894
1280,2025-02-02 21:50:00+00:00,2.7875976562,20.740000000000002,1.8,20.7000007629,24.7000007629,2.1660358906,2.7123622894
1281,2025-02-02 21:51:00+00:00,2.7875976562,20.740000000000002,1.8,20.7000007629,24.7000007629,2.1454975605,2.7123622894
1282,2025-02-02 21:52:00+00:00,2.7875976562,20.746666666666666,1.8,20.7000007629,24.7000007629,2.1139850616,2.7123622894
1283,2025-02-02 21:53:00+00:00,2.7875976562,20.740000000000002,1.8,20.7000007629,24.7000007629,2.0938305855,3.7259159088
1284,2025-02-02 21:54:00+00:00,2.7875976562,20.733333333333334,1.8,20.7000007629,24.7000007629,2.0812716484,3.7259159088
1285,2025-02-02 21:55:00+00:00,2.7875976562,20.726666666666667,1.8,20.7000007629,24.7000007629,2.1140079498,3.7259159088
1286,2025-02-02 21:56:00+00:00,2.7875976562,20.719999999999995,1.8,20.7000007629,24.7000007629,2.1072382927,3.7259159088
1287,2025-02-02 21:57:00+00:00,2.7875976562,20.693333333333335,1.8,20.7000007629,24.7000007629,2.0906620026,3.7259159088
1288,2025-02-02 21:58:00+00:00,2.7875976562,20.686666666666667,1.8,20.7000007629,24.7000007629,2.0685122013,3.7259159088
1289,2025-02-02 21:59:00+00:00,2.7875976562,20.693333333333335,1.8,20.7000007629,24.7000007629,2.0986382961,3.7259159088
1290,2025-02-02 22:00:00+00:00,2.7875976562,20.69333333333333,1.8,20.7000007629,24.7000007629,2.1476325989,3.7259159088
1291,2025-02-02 22:01:00+00:00,2.7875976562,20.69333333333333,1.8,20.7000007629,24.7000007629,2.1229896545,3.7259159088
1292,2025-02-02 22:02:00+00:00,2.7875976562,20.69333333333333,1.8,20.7000007629,24.7000007629,2.0921201706,3.7259159088
1293,2025-02-02 22:03:00+00:00,2.7875976562,20.686666666666667,1.8,20.7000007629,24.7000007629,2.1151959896,3.7259159088
1294,2025-02-02 22:04:00+00:00,2.7875976562,20.686666666666667,1.8,20.7000007629,24.7000007629,2.0837287903,3.7259159088
1295,2025-02-02 22:05:00+00:00,2.7875976562,20.68,1.8,20.7000007629,24.7000007629,2.1043846607,3.7259159088
1296,2025-02-02 22:06:00+00:00,2.7875976562,20.686666666666667,1.8,20.7000007629,24.7000007629,2.0703821182,3.7259159088
1297,2025-02-02 22:07:00+00:00,2.7875976562,20.686666666666667,1.8,20.7000007629,24.7000007629,2.1166551113,3.7259159088
1298,2025-02-02 22:08:00+00:00,2.7875976562,20.686666666666667,1.8,20.7000007629,24.7000007629,2.1216108799,3.7259159088
1299,2025-02-02 22:09:00+00:00,2.7875976562,20.69333333333333,1.8,20.7000007629,24.7000007629,2.1000607014,3.7259159088
1300,2025-02-02 22:10:00+00:00,2.7875976562,20.7,1.8,20.7000007629,24.7000007629,2.0771138668,3.7259159088
1301,2025-02-02 22:11:00+00:00,2.7875976562,20.706666666666667,1.8,20.7000007629,24.7000007629,2.1914522648,3.7259159088
1302,2025-02-02 22:12:00+00:00,2.7875976562,20.733333333333334,1.8,20.7000007629,24.7000007629,2.1873240471,3.7259159088
1303,2025-02-02 22:13:00+00:00,2.7875976562,20.733333333333334,1.8,20.7000007629,24.7000007629,2.1217999458,3.7259159088
1304,2025-02-02 22:14:00+00:00,2.7875976562,20.726666666666667,1.8,20.7000007629,24.7000007629,2.1004843712,3.7259159088
1305,2025-02-02 22:15:00+00:00,2.7875976562,20.726666666666667,1.8,20.7000007629,24.7000007629,2.0852987766,3.7259159088
1306,2025-02-02 22:16:00+00:00,2.7875976562,20.72666666666667,1.8,20.7000007629,24.7000007629,2.0776889324,3.7259159088
1307,2025-02-02 22:17:00+00:00,2.7875976562,20.733333333333334,1.8,20.7000007629,24.7000007629,2.0921990871,3.7259159088
1308,2025-02-02 22:18:00+00:00,2.7875976562,20.740000000000002,1.8,20.7000007629,24.7000007629,2.1241223812,3.7259159088
1309,2025-02-02 22:19:00+00:00,2.7875976562,20.726666666666667,1.8,20.7000007629,24.7000007629,2.1052889824,3.7259159088
1310,2025-02-02 22:20:00+00:00,2.7875976562,20.720000000000002,1.8,20.7000007629,24.7000007629,2.0699222088,3.7259159088
1311,2025-02-02 22:21:00+00:00,2.7875976562,20.71333333333333,1.8,20.7000007629,24.7000007629,2.036842823,3.7259159088
1312,2025-02-02 22:22:00+00:00,2.7875976562,20.7,1.8,20.7000007629,24.7000007629,2.1428284645,3.7259159088
1313,2025-02-02 22:23:00+00:00,2.7875976562,20.7,1.8,20.7000007629,24.7000007629,2.1327745914,3.7259159088
1314,2025-02-02 22:24:00+00:00,2.7875976562,20.7,1.8,20.7000007629,24.7000007629,2.1603024006,3.7259159088
1315,2025-02-02 22:25:00+00:00,2.7875976562,20.7,1.8,20.7000007629,24.7000007629,2.1353309155,3.7259159088
1316,2025-02-02 22:26:00+00:00,2.7875976562,20.7,1.8,20.7000007629,24.7000007629,2.1089539528,3.7259159088
1317,2025-02-02 22:27:00+00:00,2.7875976562,20.7,1.8,20.7000007629,24.7000007629,2.1023299694,3.7259159088
1318,2025-02-02 22:28:00+00:00,2.7875976562,20.7,1.8,20.7000007629,24.7000007629,2.1852660179,3.7259159088
1319,2025-02-02 22:29:00+00:00,2.7875976562,20.7,1.8,20.7000007629,24.7000007629,2.1301579475,3.7259159088
1320,2025-02-02 22:30:00+00:00,2.7875976562,20.7,1.4,20.7000007629,24.7000007629,2.1315469742,3.7259159088
1321,2025-02-02 22:31:00+00:00,2.7875976562,20.7,1.4,20.7000007629,24.7000007629,2.1151809692,3.7259159088
1322,2025-02-02 22:32:00+00:00,2.7875976562,20.7,1.4,20.7000007629,24.7000007629,2.0947914124,3.7259159088
1323,2025-02-02 22:33:00+00:00,2.7875976562,20.69333333333333,1.4,20.7000007629,24.7000007629,2.1400880814,3.7259159088
1324,2025-02-02 22:34:00+00:00,2.7875976562,20.693333333333335,1.4,20.7000007629,24.7000007629,2.1725587845,3.7259159088
1325,2025-02-02 22:35:00+00:00,2.7875976562,20.706666666666663,1.4,20.7000007629,24.7000007629,2.2016685009,3.7259159088
1326,2025-02-02 22:36:00+00:00,2.7875976562,20.706666666666667,1.4,20.7000007629,24.7000007629,2.1450109482,3.7259159088
1327,2025-02-02 22:37:00+00:00,2.7875976562,20.719999999999995,1.4,20.7000007629,24.7000007629,2.0637133121,3.7259159088
1328,2025-02-02 22:38:00+00:00,2.7875976562,20.720000000000002,1.4,20.7000007629,24.7000007629,2.1908504963,3.7259159088
1329,2025-02-02 22:39:00+00:00,2.7875976562,20.720000000000002,1.4,20.7000007629,24.7000007629,2.1896643639,3.7259159088
1330,2025-02-02 22:40:00+00:00,2.7875976562,20.72666666666667,1.4,20.7000007629,24.7000007629,2.2061581612,3.7259159088
1331,2025-02-02 22:41:00+00:00,2.7875976562,20.71333333333333,1.4,20.7000007629,24.7000007629,2.2000045776,3.7259159088
1332,2025-02-02 22:42:00+00:00,2.7875976562,20.7,1.4,20.7000007629,24.7000007629,2.1475558281,3.7259159088
1333,2025-02-02 22:43:00+00:00,2.7875976562,20.706666666666667,1.4,20.7000007629,24.7000007629,2.1389064789,3.7259159088
1334,2025-02-02 22:44:00+00:00,2.7875976562,20.7,1.4,20.7000007629,24.7000007629,2.1854553223,2.7112903595
1335,2025-02-02 22:45:00+00:00,2.7875976562,20.7,1.4,20.7000007629,24.7000007629,2.19876647,2.7112903595
1336,2025-02-02 22:46:00+00:00,2.7875976562,20.7,1.4,20.7000007629,24.7000007629,2.154484272,2.7112903595
1337,2025-02-02 22:47:00+00:00,2.7875976562,20.693333333333335,1.4,20.7000007629,24.7000007629,2.1193487644,2.7112903595
1338,2025-02-02 22:48:00+00:00,2.7875976562,20.706666666666667,1.4,20.7000007629,24.7000007629,2.1377687454,2.7112903595
1339,2025-02-02 22:49:00+00:00,2.7875976562,20.71333333333333,1.4,20.7000007629,24.7000007629,2.1431810856,2.7112903595
1340,2025-02-02 22:50:00+00:00,2.7875976562,20.706666666666667,1.4,20.7000007629,24.7000007629,2.1571645737,2.7112903595
1341,2025-02-02 22:51:00+00:00,2.7875976562,20.706666666666663,1.4,20.7000007629,24.7000007629,2.1985290051,2.7112903595
1342,2025-02-02 22:52:00+00:00,2.7875976562,20.7,1.4,20.7000007629,24.7000007629,2.1971840858,2.7112903595
1343,2025-02-02 22:53:00+00:00,2.7875976562,20.7,1.4,20.7000007629,24.7000007629,2.1607730389,2.7112903595
1344,2025-02-02 22:54:00+00:00,2.7875976562,20.69333333333333,1.4,20.7000007629,24.7000007629,2.1327929497,1.7078170776
1345,2025-02-02 22:55:00+00:00,2.7875976562,20.69333333333333,1.4,20.7000007629,24.7000007629,2.1485598087,1.7078170776
1346,2025-02-02 22:56:00+00:00,2.7875976562,20.7,1.4,20.7000007629,24.7000007629,2.1542963982,1.7078170776
1347,2025-02-02 22:57:00+00:00,2.7875976562,20.7,1.4,20.7000007629,24.7000007629,2.1606166363,1.7078170776
1348,2025-02-02 22:58:00+00:00,2.7875976562,20.686666666666664,1.4,20.7000007629,24.7000007629,2.132484436,1.7078170776
1349,2025-02-02 22:59:00+00:00,2.7875976562,20.680000000000003,1.4,20.7000007629,24.7000007629,2.1300296783,1.7078170776
1350,2025-02-02 23:00:00+00:00,2.7875976562,20.68,1.4,20.7000007629,24.7000007629,2.1024706364,1.7078170776
1351,2025-02-02 23:01:00+00:00,2.7875976562,20.673333333333332,1.4,20.7000007629,24.7000007629,2.121969223,1.7078170776
1352,2025-02-02 23:02:00+00:00,2.7875976562,20.673333333333336,1.4,20.7000007629,24.7000007629,2.1284329891,1.7078170776
1353,2025-02-02 23:03:00+00:00,2.7875976562,20.66,1.4,20.7000007629,24.7000007629,2.1496860981,1.7078170776
1354,2025-02-02 23:04:00+00:00,2.7875976562,20.66,1.4,20.7000007629,24.7000007629,2.1519629955,1.7078170776
1355,2025-02-02 23:05:00+00:00,2.7875976562,20.66,1.4,20.7000007629,24.7000007629,2.1299219131,1.7078170776
1356,2025-02-02 23:06:00+00:00,2.7875976562,20.666666666666668,1.4,20.7000007629,24.7000007629,2.1304228306,1.7078170776
1357,2025-02-02 23:07:00+00:00,2.7875976562,20.673333333333336,1.4,20.7000007629,24.7000007629,2.1459093094,1.7078170776
1358,2025-02-02 23:08:00+00:00,2.7875976562,20.68,1.4,20.7000007629,24.7000007629,2.1750838757,1.7078170776
1359,2025-02-02 23:09:00+00:00,2.7875976562,20.686666666666667,1.4,20.7000007629,24.7000007629,2.1571722031,1.7078170776
1360,2025-02-02 23:10:00+00:00,2.7875976562,20.686666666666667,1.4,20.7000007629,24.7000007629,2.1252400875,1.7078170776
1361,2025-02-02 23:11:00+00:00,2.7875976562,20.686666666666667,1.4,20.7000007629,24.7000007629,2.1534516811,1.7078170776
1362,2025-02-02 23:12:00+00:00,2.7875976562,20.69333333333333,1.4,20.7000007629,24.7000007629,2.2077212334,1.7078170776
1363,2025-02-02 23:13:00+00:00,2.7875976562,20.69333333333333,1.4,20.7000007629,24.7000007629,2.1678676605,1.7078170776
1364,2025-02-02 23:14:00+00:00,2.7875976562,20.7,1.4,20.7000007629,24.7000007629,2.1479959488,1.7078170776
1365,2025-02-02 23:15:00+00:00,2.7875976562,20.69333333333333,1.4,20.7000007629,24.7000007629,2.137583971,1.7078170776
1366,2025-02-02 23:16:00+00:00,2.7875976562,20.693333333333335,1.4,20.7000007629,24.7000007629,2.1195132732,1.7078170776
1367,2025-02-02 23:17:00+00:00,2.7875976562,20.693333333333335,1.4,20.7000007629,24.7000007629,2.1109807491,1.7078170776
1368,2025-02-02 23:18:00+00:00,2.7875976562,20.693333333333335,1.4,20.7000007629,24.7000007629,2.1284947395,1.7078170776
1369,2025-02-02 23:19:00+00:00,2.7875976562,20.7,1.4,20.7000007629,24.7000007629,2.149220705,1.7078170776
1370,2025-02-02 23:20:00+00:00,2.7875976562,20.706666666666663,1.4,20.7000007629,24.7000007629,2.1298203468,1.7078170776
1371,2025-02-02 23:21:00+00:00,2.7875976562,20.686666666666667,1.4,20.7000007629,24.7000007629,2.0779590607,1.7078170776
1372,2025-02-02 23:22:00+00:00,2.7875976562,20.686666666666667,1.4,20.7000007629,24.7000007629,2.0663707256,1.7078170776
1373,2025-02-02 23:23:00+00:00,2.7875976562,20.673333333333336,1.4,20.7000007629,24.7000007629,2.063075304,1.7078170776
1374,2025-02-02 23:24:00+00:00,2.7875976562,20.686666666666667,1.4,20.7000007629,24.7000007629,2.0482366085,1.7078170776
1375,2025-02-02 23:25:00+00:00,2.7875976562,20.673333333333336,1.4,20.7000007629,24.7000007629,2.0537483692,1.7078170776
1376,2025-02-02 23:26:00+00:00,2.7875976562,20.666666666666668,1.4,20.7000007629,24.7000007629,2.0382947922,1.7078170776
1377,2025-02-02 23:27:00+00:00,2.7875976562,20.666666666666668,1.4,20.7000007629,24.7000007629,2.0636661053,1.7078170776
1378,2025-02-02 23:28:00+00:00,2.7875976562,20.673333333333336,1.4,20.7000007629,24.7000007629,2.1408720016,1.7078170776
1379,2025-02-02 23:30:00+00:00,2.7875976562,20.673333333333332,1.0,20.7000007629,24.7000007629,2.1757659912,1.7078170776
1380,2025-02-02 23:31:00+00:00,2.7875976562,20.693333333333335,1.0,20.7000007629,24.7000007629,2.0987503529,1.7078170776
1381,2025-02-02 23:32:00+00:00,2.7875976562,20.7,1.0,20.7000007629,24.7000007629,2.0931868553,1.7078170776
1382,2025-02-02 23:33:00+00:00,2.7875976562,20.69333333333333,1.0,20.7000007629,24.7000007629,2.1321392059,1.7078170776
1383,2025-02-02 23:34:00+00:00,2.7875976562,20.7,1.0,20.7000007629,24.7000007629,2.2051851749,1.7078170776
1384,2025-02-02 23:35:00+00:00,2.7875976562,20.686666666666667,1.0,20.7000007629,24.7000007629,2.1649868488,1.7078170776
1385,2025-02-02 23:36:00+00:00,2.7875976562,20.666666666666668,1.0,20.7000007629,24.7000007629,2.1602306366,1.7078170776
1386,2025-02-02 23:37:00+00:00,2.7875976562,20.680000000000003,1.0,20.7000007629,24.7000007629,2.11414361,1.7078170776
1387,2025-02-02 23:38:00+00:00,2.7875976562,20.673333333333336,1.0,20.7000007629,24.7000007629,2.1018061638,1.7078170776
1388,2025-02-02 23:39:00+00:00,2.7875976562,20.686666666666664,1.0,20.7000007629,24.7000007629,2.1843481064,1.7078170776
1389,2025-02-02 23:40:00+00:00,2.7875976562,20.686666666666667,1.0,20.7000007629,24.7000007629,2.244976759,1.7078170776
1390,2025-02-02 23:42:00+00:00,2.7875976562,20.686666666666664,1.0,20.7000007629,24.7000007629,2.1598763466,1.7078170776
1391,2025-02-02 23:43:00+00:00,2.7875976562,20.693333333333335,1.0,20.7000007629,24.7000007629,2.1456270218,1.7078170776
1392,2025-02-02 23:44:00+00:00,2.7875976562,20.686666666666667,1.0,20.7000007629,24.7000007629,2.1084463596,1.7078170776
1393,2025-02-02 23:45:00+00:00,2.7875976562,20.68,1.0,20.7000007629,24.7000007629,2.1015813351,1.7078170776
1394,2025-02-02 23:46:00+00:00,2.7875976562,20.686666666666667,1.0,20.7000007629,24.7000007629,2.1185922623,1.7078170776
1395,2025-02-02 23:47:00+00:00,2.7875976562,20.673333333333332,1.0,20.7000007629,24.7000007629,2.1788372993,1.7078170776
1396,2025-02-02 23:48:00+00:00,2.7875976562,20.673333333333336,1.0,20.7000007629,24.7000007629,2.1505393982,1.7078170776
1397,2025-02-02 23:49:00+00:00,2.7875976562,20.68,1.0,20.7000007629,24.7000007629,2.1311020851,1.7078170776
1398,2025-02-02 23:50:00+00:00,2.7875976562,20.68,1.0,20.7000007629,24.7000007629,2.1200888157,1.7078170776
1399,2025-02-02 23:51:00+00:00,2.7875976562,20.686666666666667,1.0,20.7000007629,24.7000007629,2.1665534973,1.7078170776
1400,2025-02-02 23:52:00+00:00,2.7875976562,20.693333333333335,1.0,20.7000007629,24.7000007629,2.2062628269,1.7078170776
1401,2025-02-02 23:53:00+00:00,2.7875976562,20.692857142857147,1.0,20.7000007629,24.7000007629,2.1850097179,1.7078170776
1402,2025-02-02 23:54:00+00:00,2.7875976562,20.692307692307693,1.0,20.7000007629,24.7000007629,2.1372635365,1.7078170776
1403,2025-02-02 23:55:00+00:00,2.7875976562,20.683333333333334,1.0,20.7000007629,24.7000007629,2.1429588795,1.7078170776
1404,2025-02-02 23:56:00+00:00,2.7875976562,20.663636363636364,1.0,20.7000007629,24.7000007629,2.1770246029,1.7078170776
1405,2025-02-02 23:57:00+00:00,2.7875976562,20.67,1.0,20.7000007629,24.7000007629,2.1252212524,1.7078170776
1406,2025-02-02 23:58:00+00:00,2.7875976562,20.66666666666667,1.0,20.7000007629,24.7000007629,2.0879924297,1.7078170776
1407,2025-02-02 23:59:00+00:00,2.7875976562,20.675,1.0,20.7000007629,24.7000007629,2.0519537926,1.7078170776
